type,id,bnf_code,nm
amp,21912111000001107,0205051AAAAAAAA,Perindopril tosilate 2.5mg tablets (Teva UK Ltd)
amp,21927111000001101,0205051AAAAAAAA,Perindopril tosilate 2.5mg tablets (A A H Pharmaceuticals Ltd)
amp,29983911000001108,0205051AAAAAAAA,Perindopril tosilate 2.5mg tablets (Sigma Pharmaceuticals Plc)
amp,21912411000001102,0205051AAAAABAB,Perindopril tosilate 5mg tablets (Teva UK Ltd)
amp,21927511000001105,0205051AAAAABAB,Perindopril tosilate 5mg tablets (A A H Pharmaceuticals Ltd)
amp,29984111000001107,0205051AAAAABAB,Perindopril tosilate 5mg tablets (Sigma Pharmaceuticals Plc)
amp,21912711000001108,0205051AAAAACAC,Perindopril tosilate 10mg tablets (Teva UK Ltd)
amp,21927711000001100,0205051AAAAACAC,Perindopril tosilate 10mg tablets (A A H Pharmaceuticals Ltd)
amp,29983711000001106,0205051AAAAACAC,Perindopril tosilate 10mg tablets (Sigma Pharmaceuticals Plc)
amp,21304711000001108,0205051E0AAAEAE,Cilazapril 5mg tablets (Genesis Pharmaceuticals Ltd)
amp,21676211000001105,0205051E0AAAEAE,Cilazapril 5mg tablets (A A H Pharmaceuticals Ltd)
amp,23647711000001108,0205051E0AAAEAE,Cilazapril 5mg tablets (Phoenix Healthcare Distribution Ltd)
amp,23997011000001100,0205051E0AAAEAE,Cilazapril 5mg tablets (Alliance Healthcare (Distribution) Ltd)
amp,29787511000001100,0205051E0AAAEAE,Cilazapril 5mg tablets (Sigma Pharmaceuticals Plc)
amp,30029911000001108,0205051E0AAAEAE,Cilazapril 5mg tablets (DE Pharmaceuticals)
amp,30769211000001105,0205051E0AAAEAE,Cilazapril 5mg tablets (Ennogen Healthcare Ltd)
amp,31356011000001106,0205051E0AAAEAE,Cilazapril 5mg tablets (J M McGill Ltd)
amp,3740211000001108,0205051E0BBABAB,Vascace 500microgram tablets (Roche Products Ltd)
amp,3669711000001105,0205051E0BBACAC,Vascace 1mg tablets (Roche Products Ltd)
amp,3672411000001101,0205051E0BBADAD,Vascace 2.5mg tablets (Roche Products Ltd)
amp,3671311000001104,0205051E0BBAEAE,Vascace 5mg tablets (Roche Products Ltd)
amp,8743811000001101,0205051F0AAA2A2,Captopril 4mg capsules (Special Order)
amp,19311000001107,0205051F0AAADAD,Captopril 12.5mg tablets (Teva UK Ltd)
amp,226411000001105,0205051F0AAADAD,Captopril 12.5mg tablets (A A H Pharmaceuticals Ltd)
amp,332211000001104,0205051F0AAADAD,Captopril 12.5mg tablets (Mylan)
amp,605411000001105,0205051F0AAADAD,Captopril 12.5mg tablets (Actavis UK Ltd)
amp,653311000001105,0205051F0AAADAD,Captopril 12.5mg tablets (Alliance Healthcare (Distribution) Ltd)
amp,654711000001106,0205051F0AAADAD,Captopril 12.5mg tablets (Sandoz Ltd)
amp,665411000001109,0205051F0AAADAD,Captopril 12.5mg tablets (Kent Pharmaceuticals Ltd)
amp,762711000001100,0205051F0AAADAD,Captopril 12.5mg tablets (Sterwin Medicines)
amp,13741311000001109,0205051F0AAADAD,Captopril 12.5mg tablets (Tillomed Laboratories Ltd)
amp,15987811000001100,0205051F0AAADAD,Captopril 12.5mg tablets (Bristol Laboratories Ltd)
amp,17819311000001108,0205051F0AAADAD,Captopril 12.5mg tablets (Phoenix Healthcare Distribution Ltd)
amp,21814111000001106,0205051F0AAADAD,Captopril 12.5mg tablets (Waymade Healthcare Plc)
amp,22627311000001101,0205051F0AAADAD,Captopril 12.5mg tablets (DE Pharmaceuticals)
amp,23478811000001103,0205051F0AAADAD,Captopril 12.5mg tablets (Accord Healthcare Ltd)
amp,29778211000001107,0205051F0AAADAD,Captopril 12.5mg tablets (Sigma Pharmaceuticals Plc)
amp,260611000001102,0205051F0AAAEAE,Captopril 25mg tablets (Mylan)
amp,303411000001102,0205051F0AAAEAE,Captopril 25mg tablets (A A H Pharmaceuticals Ltd)
amp,345711000001101,0205051F0AAAEAE,Captopril 25mg tablets (Kent Pharmaceuticals Ltd)
amp,424411000001101,0205051F0AAAEAE,Captopril 25mg tablets (Teva UK Ltd)
amp,501411000001104,0205051F0AAAEAE,Captopril 25mg tablets (Actavis UK Ltd)
amp,614411000001107,0205051F0AAAEAE,Captopril 25mg tablets (Sandoz Ltd)
amp,670111000001104,0205051F0AAAEAE,Captopril 25mg tablets (Alliance Healthcare (Distribution) Ltd)
amp,762611000001109,0205051F0AAAEAE,Captopril 25mg tablets (Sterwin Medicines)
amp,13741611000001104,0205051F0AAAEAE,Captopril 25mg tablets (Tillomed Laboratories Ltd)
amp,15988011000001107,0205051F0AAAEAE,Captopril 25mg tablets (Bristol Laboratories Ltd)
amp,17819611000001103,0205051F0AAAEAE,Captopril 25mg tablets (Phoenix Healthcare Distribution Ltd)
amp,21815211000001104,0205051F0AAAEAE,Captopril 25mg tablets (Waymade Healthcare Plc)
amp,22627511000001107,0205051F0AAAEAE,Captopril 25mg tablets (DE Pharmaceuticals)
amp,23479311000001101,0205051F0AAAEAE,Captopril 25mg tablets (Accord Healthcare Ltd)
amp,29778411000001106,0205051F0AAAEAE,Captopril 25mg tablets (Sigma Pharmaceuticals Plc)
amp,3911000001107,0205051F0AAAFAF,Captopril 50mg tablets (Teva UK Ltd)
amp,212311000001105,0205051F0AAAFAF,Captopril 50mg tablets (Sandoz Ltd)
amp,248011000001100,0205051F0AAAFAF,Captopril 50mg tablets (Actavis UK Ltd)
amp,291911000001104,0205051F0AAAFAF,Captopril 50mg tablets (Kent Pharmaceuticals Ltd)
amp,429211000001101,0205051F0AAAFAF,Captopril 50mg tablets (A A H Pharmaceuticals Ltd)
amp,805111000001105,0205051F0AAAFAF,Captopril 50mg tablets (Alliance Healthcare (Distribution) Ltd)
amp,827011000001105,0205051F0AAAFAF,Captopril 50mg tablets (Sterwin Medicines)
amp,829011000001101,0205051F0AAAFAF,Captopril 50mg tablets (Mylan)
amp,13741911000001105,0205051F0AAAFAF,Captopril 50mg tablets (Tillomed Laboratories Ltd)
amp,15988211000001102,0205051F0AAAFAF,Captopril 50mg tablets (Bristol Laboratories Ltd)
amp,17820311000001109,0205051F0AAAFAF,Captopril 50mg tablets (Phoenix Healthcare Distribution Ltd)
amp,21815711000001106,0205051F0AAAFAF,Captopril 50mg tablets (Waymade Healthcare Plc)
amp,22627711000001102,0205051F0AAAFAF,Captopril 50mg tablets (DE Pharmaceuticals)
amp,23479611000001106,0205051F0AAAFAF,Captopril 50mg tablets (Accord Healthcare Ltd)
amp,29778611000001109,0205051F0AAAFAF,Captopril 50mg tablets (Sigma Pharmaceuticals Plc)
amp,8807311000001106,0205051F0AAAHAH,Captopril 3mg oral powder sachets (Special Order)
amp,11484511000001105,0205051F0AAAIAI,Captopril 5mg tablets (Special Order)
amp,8743511000001104,0205051F0AAAKAK,Captopril 2mg capsules (Special Order)
amp,15530311000001109,0205051F0AABKBK,Captopril 1.5mg capsules (Special Order)
amp,8325911000001108,0205051F0AABNBN,Captopril 5mg/5ml oral solution (Special Order)
amp,8328611000001108,0205051F0AABNBN,Captopril 5mg/5ml oral suspension (Special Order)
amp,8315311000001103,0205051F0AABPBP,Captopril 20mg/5ml oral solution (Special Order)
amp,8316011000001105,0205051F0AABPBP,Captopril 20mg/5ml oral suspension (Special Order)
amp,8310711000001109,0205051F0AABRBR,Captopril 10mg/5ml oral solution (Special Order)
amp,8311111000001102,0205051F0AABRBR,Captopril 10mg/5ml oral suspension (Special Order)
amp,12311611000001100,0205051F0AABSBS,Captopril 5.4mg/5ml oral solution (Special Order)
amp,8312811000001100,0205051F0AABTBT,Captopril 12.5mg/5ml oral solution (Special Order)
amp,8314111000001104,0205051F0AABTBT,Captopril 12.5mg/5ml oral suspension (Special Order)
amp,8311611000001105,0205051F0AABVBV,Captopril 1.25mg/5ml oral solution (Special Order)
amp,8312211000001101,0205051F0AABVBV,Captopril 1.25mg/5ml oral suspension (Special Order)
amp,8317011000001108,0205051F0AABWBW,Captopril 25mg/5ml oral solution (Special Order)
amp,8317611000001101,0205051F0AABWBW,Captopril 25mg/5ml oral suspension (Special Order)
amp,8322411000001108,0205051F0AABXBX,Captopril 6.25mg/5ml oral solution (Special Order)
amp,8322811000001105,0205051F0AABXBX,Captopril 6.25mg/5ml oral suspension (Special Order)
amp,8315611000001108,0205051F0AABYBY,Captopril 2.5mg/5ml oral solution (Special Order)
amp,8316711000001107,0205051F0AABYBY,Captopril 2.5mg/5ml oral suspension (Special Order)
amp,8317311000001106,0205051F0AABZBZ,Captopril 2mg/5ml oral solution (Special Order)
amp,8317911000001107,0205051F0AABZBZ,Captopril 2mg/5ml oral suspension (Special Order)
amp,8321211000001102,0205051F0AACACA,Captopril 50mg/5ml oral solution (Special Order)
amp,8321811000001101,0205051F0AACACA,Captopril 50mg/5ml oral suspension (Special Order)
amp,12305711000001109,0205051F0AACCCC,Captopril 100micrograms/5ml oral solution (Special Order)
amp,8324011000001105,0205051F0AACDCD,Captopril 3mg/5ml oral solution (Special Order)
amp,8324811000001104,0205051F0AACDCD,Captopril 3mg/5ml oral suspension (Special Order)
amp,8325411000001100,0205051F0AACECE,Captopril 7.5mg/5ml oral solution (Special Order)
amp,8326511000001108,0205051F0AACECE,Captopril 7.5mg/5ml oral suspension (Special Order)
amp,8320111000001102,0205051F0AACFCF,Captopril 500micrograms/5ml oral solution (Special Order)
amp,8320611000001105,0205051F0AACFCF,Captopril 500micrograms/5ml oral suspension (Special Order)
amp,8313311000001104,0205051F0AACGCG,Captopril 15mg/5ml oral solution (Special Order)
amp,8313911000001103,0205051F0AACGCG,Captopril 15mg/5ml oral suspension (Special Order)
amp,8322111000001103,0205051F0AACHCH,Captopril 4mg/5ml oral solution (Special Order)
amp,8323311000001106,0205051F0AACHCH,Captopril 4mg/5ml oral suspension (Special Order)
amp,8319811000001105,0205051F0AACICI,Captopril 3.125mg/5ml oral solution (Special Order)
amp,8320811000001109,0205051F0AACICI,Captopril 3.125mg/5ml oral suspension (Special Order)
amp,8315811000001107,0205051F0AACJCJ,Captopril 1mg/5ml oral solution (Special Order)
amp,8316411000001101,0205051F0AACJCJ,Captopril 1mg/5ml oral suspension (Special Order)
amp,12321411000001107,0205051F0AACKCK,Captopril 7mg/5ml oral solution (Special Order)
amp,8324711000001107,0205051F0AACLCL,Captopril 9mg/5ml oral solution (Special Order)
amp,8325311000001107,0205051F0AACLCL,Captopril 9mg/5ml oral suspension (Special Order)
amp,8313211000001107,0205051F0AACNCN,Captopril 1.5mg/5ml oral solution (Special Order)
amp,8314011000001100,0205051F0AACNCN,Captopril 1.5mg/5ml oral suspension (Special Order)
amp,8329511000001103,0205051F0AACRCR,Captopril 6mg/5ml oral solution (Special Order)
amp,8331311000001107,0205051F0AACRCR,Captopril 6mg/5ml oral suspension (Special Order)
amp,15864611000001102,0205051F0AACTCT,Captopril 5mg/ml oral solution sugar free (Special Order)
amp,12310711000001101,0205051F0AACUCU,Captopril 3.5mg/5ml oral solution (Special Order)
amp,12307911000001101,0205051F0AACXCX,Captopril 15.625mg/5ml oral solution (Special Order)
amp,12311311000001105,0205051F0AACYCY,Captopril 30mg/5ml oral solution (Special Order)
amp,12309211000001104,0205051F0AACZCZ,Captopril 18.5mg/5ml oral solution (Special Order)
amp,8318611000001102,0205051F0AADADA,Captopril 3.25mg/5ml oral solution (Special Order)
amp,8319211000001109,0205051F0AADADA,Captopril 3.25mg/5ml oral suspension (Special Order)
amp,12306011000001103,0205051F0AADCDC,Captopril 100mg/5ml oral solution (Special Order)
amp,12282211000001100,0205051F0AADDDD,Captopril 1.6mg/5ml oral solution (Special Order)
amp,12322411000001102,0205051F0AADEDE,Captopril 8mg/5ml oral solution (Special Order)
amp,19813411000001106,0205051F0AADEDE,Captopril 8mg/5ml oral suspension (Special Order)
amp,12306511000001106,0205051F0AADFDF,Captopril 12mg/5ml oral solution (Special Order)
amp,12283411000001105,0205051F0AADGDG,Captopril 1.75mg/5ml oral solution (Special Order)
amp,12308611000001106,0205051F0AADJDJ,Captopril 17.5mg/5ml oral solution (Special Order)
amp,8325711000001106,0205051F0AADLDL,Captopril 31.25mg/5ml oral solution (Special Order)
amp,8327811000001108,0205051F0AADLDL,Captopril 31.25mg/5ml oral suspension (Special Order)
amp,12309811000001103,0205051F0AADMDM,Captopril 22.5mg/5ml oral solution (Special Order)
amp,12344411000001106,0205051F0AADNDN,Captopril 62.5mg/5ml oral solution (Special Order)
amp,8314611000001107,0205051F0AADPDP,Captopril 17mg/5ml oral solution (Special Order)
amp,8314911000001101,0205051F0AADPDP,Captopril 17mg/5ml oral suspension (Special Order)
amp,8311911000001104,0205051F0AADQDQ,Captopril 11.25mg/5ml oral solution (Special Order)
amp,8312311000001109,0205051F0AADQDQ,Captopril 11.25mg/5ml oral suspension (Special Order)
amp,8323611000001101,0205051F0AADSDS,Captopril 6.5mg/5ml oral solution (Special Order)
amp,8324211000001100,0205051F0AADSDS,Captopril 6.5mg/5ml oral suspension (Special Order)
amp,14790711000001107,0205051F0AADUDU,Captopril 50mg capsules (Special Order)
amp,35547011000001109,0205051F0AADZDZ,Captopril 25mg/5ml oral solution sugar free (Teva UK Ltd)
amp,35578311000001107,0205051F0AADZDZ,Captopril 25mg/5ml oral solution sugar free (A A H Pharmaceuticals Ltd)
amp,35726411000001101,0205051F0AADZDZ,Captopril 25mg/5ml oral solution sugar free (Thame Laboratories Ltd)
amp,35734911000001104,0205051F0AADZDZ,Captopril 25mg/5ml oral solution sugar free (BCM Specials Ltd)
amp,36326411000001100,0205051F0AADZDZ,Captopril 25mg/5ml oral solution sugar free (Almus Pharmaceuticals Ltd)
amp,36467911000001107,0205051F0AADZDZ,Captopril 25mg/5ml oral solution sugar free (Alliance Healthcare (Distribution) Ltd)
amp,37111211000001107,0205051F0AADZDZ,Captopril 25mg/5ml oral solution sugar free (DE Pharmaceuticals)
amp,35489111000001102,0205051F0AAEAEA,Captopril 5mg/5ml oral solution sugar free (A A H Pharmaceuticals Ltd)
amp,35548711000001107,0205051F0AAEAEA,Captopril 5mg/5ml oral solution sugar free (Teva UK Ltd)
amp,35726611000001103,0205051F0AAEAEA,Captopril 5mg/5ml oral solution sugar free (Thame Laboratories Ltd)
amp,35734711000001101,0205051F0AAEAEA,Captopril 5mg/5ml oral solution sugar free (BCM Specials Ltd)
amp,36327011000001107,0205051F0AAEAEA,Captopril 5mg/5ml oral solution sugar free (Almus Pharmaceuticals Ltd)
amp,36467711000001105,0205051F0AAEAEA,Captopril 5mg/5ml oral solution sugar free (Alliance Healthcare (Distribution) Ltd)
amp,37111011000001102,0205051F0AAEAEA,Captopril 5mg/5ml oral solution sugar free (DE Pharmaceuticals)
amp,660111000001107,0205051F0BBAAAD,Acepril 12.5mg tablets (Bristol-Myers Squibb Pharmaceuticals Ltd)
amp,517711000001103,0205051F0BBABAE,Acepril 25mg tablets (Bristol-Myers Squibb Pharmaceuticals Ltd)
amp,814111000001108,0205051F0BBACAF,Acepril 50mg tablets (Bristol-Myers Squibb Pharmaceuticals Ltd)
amp,455611000001103,0205051F0BCABAE,Capoten 25mg tablets (Bristol-Myers Squibb Pharmaceuticals Ltd)
amp,386611000001109,0205051F0BCACAF,Capoten 50mg tablets (Bristol-Myers Squibb Pharmaceuticals Ltd)
amp,134511000001103,0205051F0BCADAD,Capoten 12.5mg tablets (Bristol-Myers Squibb Pharmaceuticals Ltd)
amp,7658811000001109,0205051F0BCAFCT,Capoten 5mg/ml oral solution (Imported (United States))
amp,221411000001104,0205051F0BDAAAD,Ecopace 12.5mg tablets (Advanz Pharma)
amp,817411000001108,0205051F0BDABAE,Ecopace 25mg tablets (Advanz Pharma)
amp,767911000001101,0205051F0BDACAF,Ecopace 50mg tablets (Advanz Pharma)
amp,673711000001107,0205051F0BEAAAD,Tensopril 12.5mg tablets (Teva UK Ltd)
amp,597511000001109,0205051F0BEABAE,Tensopril 25mg tablets (Teva UK Ltd)
amp,653111000001108,0205051F0BEACAF,Tensopril 50mg tablets (Teva UK Ltd)
amp,777711000001105,0205051F0BFAAAD,Kaplon 12.5mg tablets (Teva UK Ltd)
amp,477111000001100,0205051F0BFABAE,Kaplon 25mg tablets (Teva UK Ltd)
amp,572511000001102,0205051F0BFACAF,Kaplon 50mg tablets (Teva UK Ltd)
amp,372511000001104,0205051F0BHAAAD,Captomex 12.5mg tablets (Actavis UK Ltd)
amp,760211000001106,0205051F0BHABAF,Captomex 50mg tablets (Actavis UK Ltd)
amp,562011000001101,0205051F0BHACAE,Captomex 25mg tablets (Actavis UK Ltd)
amp,23681711000001107,0205051F0BIAADZ,Noyada 25mg/5ml oral solution (Martindale Pharmaceuticals Ltd)
amp,23682011000001102,0205051F0BIABEA,Noyada 5mg/5ml oral solution (Martindale Pharmaceuticals Ltd)
amp,4811000001104,0205051I0AAAAAA,Enalapril 2.5mg tablets (A A H Pharmaceuticals Ltd)
amp,102611000001100,0205051I0AAAAAA,Enalapril 2.5mg tablets (Zentiva)
amp,289711000001101,0205051I0AAAAAA,Enalapril 2.5mg tablets (Alliance Healthcare (Distribution) Ltd)
amp,395411000001101,0205051I0AAAAAA,Enalapril 2.5mg tablets (Sandoz Ltd)
amp,456011000001101,0205051I0AAAAAA,Enalapril 2.5mg tablets (IVAX Pharmaceuticals UK Ltd)
amp,488511000001104,0205051I0AAAAAA,Enalapril 2.5mg tablets (Mylan)
amp,773011000001102,0205051I0AAAAAA,Enalapril 2.5mg tablets (Kent Pharmaceuticals Ltd)
amp,792211000001109,0205051I0AAAAAA,Enalapril 2.5mg tablets (Actavis UK Ltd)
amp,795111000001105,0205051I0AAAAAA,Enalapril 2.5mg tablets (Teva UK Ltd)
amp,5624811000001101,0205051I0AAAAAA,Enalapril 2.5mg tablets (Ranbaxy (UK) Ltd)
amp,9793911000001101,0205051I0AAAAAA,Enalapril 2.5mg tablets (Almus Pharmaceuticals Ltd)
amp,10405411000001104,0205051I0AAAAAA,Enalapril 2.5mg tablets (Arrow Generics Ltd)
amp,11553711000001101,0205051I0AAAAAA,Enalapril 2.5mg tablets (Dexcel-Pharma Ltd)
amp,13749511000001102,0205051I0AAAAAA,Enalapril 2.5mg tablets (Tillomed Laboratories Ltd)
amp,15970011000001102,0205051I0AAAAAA,Enalapril 2.5mg tablets (Zanza Specials International Ltd)
amp,17901211000001109,0205051I0AAAAAA,Enalapril 2.5mg tablets (Phoenix Healthcare Distribution Ltd)
amp,19190611000001109,0205051I0AAAAAA,Enalapril 2.5mg tablets (Milpharm Ltd)
amp,21934111000001108,0205051I0AAAAAA,Enalapril 2.5mg tablets (Waymade Healthcare Plc)
amp,23881711000001101,0205051I0AAAAAA,Enalapril 2.5mg tablets (DE Pharmaceuticals)
amp,29848711000001101,0205051I0AAAAAA,Enalapril 2.5mg tablets (Sigma Pharmaceuticals Plc)
amp,26111000001109,0205051I0AAABAB,Enalapril 5mg tablets (A A H Pharmaceuticals Ltd)
amp,50211000001104,0205051I0AAABAB,Enalapril 5mg tablets (Kent Pharmaceuticals Ltd)
amp,51511000001108,0205051I0AAABAB,Enalapril 5mg tablets (Sandoz Ltd)
amp,92211000001108,0205051I0AAABAB,Enalapril 5mg tablets (Actavis UK Ltd)
amp,259111000001109,0205051I0AAABAB,Enalapril 5mg tablets (Zentiva)
amp,319411000001102,0205051I0AAABAB,Enalapril 5mg tablets (Teva UK Ltd)
amp,766411000001107,0205051I0AAABAB,Enalapril 5mg tablets (Mylan)
amp,856011000001106,0205051I0AAABAB,Enalapril 5mg tablets (IVAX Pharmaceuticals UK Ltd)
amp,936511000001107,0205051I0AAABAB,Enalapril 5mg tablets (Alliance Healthcare (Distribution) Ltd)
amp,5625011000001106,0205051I0AAABAB,Enalapril 5mg tablets (Ranbaxy (UK) Ltd)
amp,9794111000001102,0205051I0AAABAB,Enalapril 5mg tablets (Almus Pharmaceuticals Ltd)
amp,10405611000001101,0205051I0AAABAB,Enalapril 5mg tablets (Arrow Generics Ltd)
amp,11553911000001104,0205051I0AAABAB,Enalapril 5mg tablets (Dexcel-Pharma Ltd)
amp,13749711000001107,0205051I0AAABAB,Enalapril 5mg tablets (Tillomed Laboratories Ltd)
amp,15970611000001109,0205051I0AAABAB,Enalapril 5mg tablets (Zanza Specials International Ltd)
amp,17901411000001108,0205051I0AAABAB,Enalapril 5mg tablets (Phoenix Healthcare Distribution Ltd)
amp,19190811000001108,0205051I0AAABAB,Enalapril 5mg tablets (Milpharm Ltd)
amp,19727011000001100,0205051I0AAABAB,Enalapril 5mg tablets (Medreich Plc)
amp,21282011000001108,0205051I0AAABAB,Enalapril 5mg tablets (Accord Healthcare Ltd)
amp,21934311000001105,0205051I0AAABAB,Enalapril 5mg tablets (Waymade Healthcare Plc)
amp,23881911000001104,0205051I0AAABAB,Enalapril 5mg tablets (DE Pharmaceuticals)
amp,29848911000001104,0205051I0AAABAB,Enalapril 5mg tablets (Sigma Pharmaceuticals Plc)
amp,30124811000001106,0205051I0AAABAB,Enalapril 5mg tablets (Mawdsley-Brooks & Company Ltd)
amp,36739211000001105,0205051I0AAABAB,Enalapril 5mg tablets (Noumed Life Sciences Ltd)
amp,104511000001109,0205051I0AAACAC,Enalapril 10mg tablets (Zentiva)
amp,115211000001105,0205051I0AAACAC,Enalapril 10mg tablets (Teva UK Ltd)
amp,127311000001103,0205051I0AAACAC,Enalapril 10mg tablets (Kent Pharmaceuticals Ltd)
amp,225811000001104,0205051I0AAACAC,Enalapril 10mg tablets (A A H Pharmaceuticals Ltd)
amp,401711000001103,0205051I0AAACAC,Enalapril 10mg tablets (Mylan)
amp,414411000001109,0205051I0AAACAC,Enalapril 10mg tablets (IVAX Pharmaceuticals UK Ltd)
amp,450811000001105,0205051I0AAACAC,Enalapril 10mg tablets (Sandoz Ltd)
amp,676011000001102,0205051I0AAACAC,Enalapril 10mg tablets (Actavis UK Ltd)
amp,688811000001104,0205051I0AAACAC,Enalapril 10mg tablets (Alliance Healthcare (Distribution) Ltd)
amp,5625211000001101,0205051I0AAACAC,Enalapril 10mg tablets (Ranbaxy (UK) Ltd)
amp,9794411000001107,0205051I0AAACAC,Enalapril 10mg tablets (Almus Pharmaceuticals Ltd)
amp,10405811000001102,0205051I0AAACAC,Enalapril 10mg tablets (Arrow Generics Ltd)
amp,11554111000001100,0205051I0AAACAC,Enalapril 10mg tablets (Dexcel-Pharma Ltd)
amp,13749911000001109,0205051I0AAACAC,Enalapril 10mg tablets (Tillomed Laboratories Ltd)
amp,15969311000001102,0205051I0AAACAC,Enalapril 10mg tablets (Zanza Specials International Ltd)
amp,17901611000001106,0205051I0AAACAC,Enalapril 10mg tablets (Phoenix Healthcare Distribution Ltd)
amp,19191011000001106,0205051I0AAACAC,Enalapril 10mg tablets (Milpharm Ltd)
amp,19727511000001108,0205051I0AAACAC,Enalapril 10mg tablets (Medreich Plc)
amp,21934511000001104,0205051I0AAACAC,Enalapril 10mg tablets (Waymade Healthcare Plc)
amp,23483911000001108,0205051I0AAACAC,Enalapril 10mg tablets (Accord Healthcare Ltd)
amp,23881511000001106,0205051I0AAACAC,Enalapril 10mg tablets (DE Pharmaceuticals)
amp,29848511000001106,0205051I0AAACAC,Enalapril 10mg tablets (Sigma Pharmaceuticals Plc)
amp,30125011000001101,0205051I0AAACAC,Enalapril 10mg tablets (Mawdsley-Brooks & Company Ltd)
amp,36609411000001107,0205051I0AAACAC,Enalapril 10mg tablets (Bristol Laboratories Ltd)
amp,36739811000001106,0205051I0AAACAC,Enalapril 10mg tablets (Noumed Life Sciences Ltd)
amp,233511000001103,0205051I0AAADAD,Enalapril 20mg tablets (Kent Pharmaceuticals Ltd)
amp,346311000001105,0205051I0AAADAD,Enalapril 20mg tablets (Zentiva)
amp,367611000001108,0205051I0AAADAD,Enalapril 20mg tablets (Alliance Healthcare (Distribution) Ltd)
amp,381411000001100,0205051I0AAADAD,Enalapril 20mg tablets (IVAX Pharmaceuticals UK Ltd)
amp,526511000001100,0205051I0AAADAD,Enalapril 20mg tablets (A A H Pharmaceuticals Ltd)
amp,665211000001105,0205051I0AAADAD,Enalapril 20mg tablets (Actavis UK Ltd)
amp,695511000001106,0205051I0AAADAD,Enalapril 20mg tablets (Teva UK Ltd)
amp,728411000001104,0205051I0AAADAD,Enalapril 20mg tablets (Sandoz Ltd)
amp,923711000001107,0205051I0AAADAD,Enalapril 20mg tablets (Mylan)
amp,5625411000001102,0205051I0AAADAD,Enalapril 20mg tablets (Ranbaxy (UK) Ltd)
amp,9794611000001105,0205051I0AAADAD,Enalapril 20mg tablets (Almus Pharmaceuticals Ltd)
amp,10406011000001104,0205051I0AAADAD,Enalapril 20mg tablets (Arrow Generics Ltd)
amp,11554311000001103,0205051I0AAADAD,Enalapril 20mg tablets (Dexcel-Pharma Ltd)
amp,13750211000001105,0205051I0AAADAD,Enalapril 20mg tablets (Tillomed Laboratories Ltd)
amp,15969611000001107,0205051I0AAADAD,Enalapril 20mg tablets (Zanza Specials International Ltd)
amp,17901811000001105,0205051I0AAADAD,Enalapril 20mg tablets (Phoenix Healthcare Distribution Ltd)
amp,19191211000001101,0205051I0AAADAD,Enalapril 20mg tablets (Milpharm Ltd)
amp,19727711000001103,0205051I0AAADAD,Enalapril 20mg tablets (Medreich Plc)
amp,21934711000001109,0205051I0AAADAD,Enalapril 20mg tablets (Waymade Healthcare Plc)
amp,23973911000001101,0205051I0AAADAD,Enalapril 20mg tablets (DE Pharmaceuticals)
amp,30125211000001106,0205051I0AAADAD,Enalapril 20mg tablets (Mawdsley-Brooks & Company Ltd)
amp,36610011000001109,0205051I0AAADAD,Enalapril 20mg tablets (Bristol Laboratories Ltd)
amp,36740411000001103,0205051I0AAADAD,Enalapril 20mg tablets (Noumed Life Sciences Ltd)
amp,8461511000001103,0205051I0AAAJAJ,Enalapril 2.5mg/5ml oral solution (Special Order)
amp,8462111000001102,0205051I0AAAJAJ,Enalapril 2.5mg/5ml oral suspension (Special Order)
amp,8462411000001107,0205051I0AAAPAP,Enalapril 20mg/5ml oral solution (Special Order)
amp,8463111000001108,0205051I0AAAPAP,Enalapril 20mg/5ml oral suspension (Special Order)
amp,12254311000001105,0205051I0AAARAR,Enalapril 600micrograms/5ml oral suspension (Special Order)
amp,12254811000001101,0205051I0AAARAR,Enalapril 600micrograms/5ml oral solution (Special Order)
amp,12074611000001109,0205051I0AAASAS,Enalapril 1mg/5ml oral suspension (Special Order)
amp,12074911000001103,0205051I0AAASAS,Enalapril 1mg/5ml oral solution (Special Order)
amp,12077711000001107,0205051I0AAATAT,Enalapril 3.5mg/5ml oral suspension (Special Order)
amp,12078011000001106,0205051I0AAATAT,Enalapril 3.5mg/5ml oral solution (Special Order)
amp,8460311000001104,0205051I0AAAUAU,Enalapril 10mg/5ml oral solution (Special Order)
amp,12253311000001108,0205051I0AAAVAV,Enalapril 500micrograms/5ml oral suspension (Special Order)
amp,12253711000001107,0205051I0AAAVAV,Enalapril 500micrograms/5ml oral solution (Special Order)
amp,12077111000001106,0205051I0AAAWAW,Enalapril 2mg/5ml oral suspension (Special Order)
amp,12077411000001101,0205051I0AAAWAW,Enalapril 2mg/5ml oral solution (Special Order)
amp,12250611000001107,0205051I0AAAXAX,Enalapril 3.75mg/5ml oral suspension (Special Order)
amp,12251011000001109,0205051I0AAAXAX,Enalapril 3.75mg/5ml oral solution (Special Order)
amp,12251311000001107,0205051I0AAAYAY,Enalapril 3mg/5ml oral suspension (Special Order)
amp,12252011000001101,0205051I0AAAYAY,Enalapril 3mg/5ml oral solution (Special Order)
amp,8462711000001101,0205051I0AAAZAZ,Enalapril 4mg/5ml oral solution (Special Order)
amp,8463611000001100,0205051I0AAAZAZ,Enalapril 4mg/5ml oral suspension (Special Order)
amp,12075611000001105,0205051I0AABBBB,Enalapril 25mg/5ml oral suspension (Special Order)
amp,12076511000001104,0205051I0AABBBB,Enalapril 25mg/5ml oral solution (Special Order)
amp,12256311000001104,0205051I0AABCBC,Enalapril 7mg/5ml oral suspension (Special Order)
amp,12256611000001109,0205051I0AABCBC,Enalapril 7mg/5ml oral solution (Special Order)
amp,8458611000001101,0205051I0AABFBF,Enalapril 1.25mg/5ml oral solution (Special Order)
amp,12074011000001102,0205051I0AABLBL,Enalapril 12.5mg/5ml oral suspension (Special Order)
amp,12074311000001104,0205051I0AABLBL,Enalapril 12.5mg/5ml oral solution (Special Order)
amp,8459711000001101,0205051I0AABNBN,Enalapril 15mg/5ml oral solution (Special Order)
amp,8460511000001105,0205051I0AABNBN,Enalapril 15mg/5ml oral suspension (Special Order)
amp,12256911000001103,0205051I0AABQBQ,Enalapril 8mg/5ml oral suspension (Special Order)
amp,12257711000001102,0205051I0AABQBQ,Enalapril 8mg/5ml oral solution (Special Order)
amp,12073411000001108,0205051I0AABSBS,Enalapril 1.5mg/5ml oral suspension (Special Order)
amp,12073711000001102,0205051I0AABSBS,Enalapril 1.5mg/5ml oral solution (Special Order)
amp,12072511000001100,0205051I0AABTBT,Enalapril 1.2mg/5ml oral suspension (Special Order)
amp,12073111000001103,0205051I0AABTBT,Enalapril 1.2mg/5ml oral solution (Special Order)
amp,12252411000001105,0205051I0AABVBV,Enalapril 40mg/5ml oral suspension (Special Order)
amp,12252911000001102,0205051I0AABVBV,Enalapril 40mg/5ml oral solution (Special Order)
amp,12255411000001102,0205051I0AABWBW,Enalapril 7.5mg/5ml oral suspension (Special Order)
amp,12255911000001105,0205051I0AABWBW,Enalapril 7.5mg/5ml oral solution (Special Order)
amp,8463911000001106,0205051I0AABYBY,Enalapril 5mg/5ml oral solution (Drug Tariff Special Order)
amp,8464211000001104,0205051I0AABZBZ,Enalapril 5mg/5ml oral suspension (Drug Tariff Special Order)
amp,8461811000001100,0205051I0AACACA,Enalapril 10mg/5ml oral suspension (Drug Tariff Special Order)
amp,8459111000001102,0205051I0AACBCB,Enalapril 1.25mg/5ml oral suspension (Drug Tariff Special Order)
amp,749611000001107,0205051I0BBAAAA,Innovace 2.5mg tablets (Merck Sharp & Dohme Ltd)
amp,730211000001104,0205051I0BBABAB,Innovace 5mg tablets (Merck Sharp & Dohme Ltd)
amp,316111000001104,0205051I0BBACAC,Innovace 10mg tablets (Merck Sharp & Dohme Ltd)
amp,302311000001104,0205051I0BBADAD,Innovace 20mg tablets (Merck Sharp & Dohme Ltd)
amp,448611000001106,0205051I0BEAAAA,Pralenal 2.5 tablets (Opus Pharmaceuticals Ltd)
amp,578511000001100,0205051I0BEABAB,Pralenal 5 tablets (Opus Pharmaceuticals Ltd)
amp,761411000001101,0205051I0BEACAC,Pralenal 10 tablets (Opus Pharmaceuticals Ltd)
amp,508511000001105,0205051I0BEADAD,Pralenal 20 tablets (Opus Pharmaceuticals Ltd)
amp,9445411000001105,0205051J0AAAAAA,Fosinopril 10mg tablets (Accord Healthcare Ltd)
amp,9448711000001106,0205051J0AAAAAA,Fosinopril 10mg tablets (Zentiva)
amp,9450311000001107,0205051J0AAAAAA,Fosinopril 10mg tablets (Teva UK Ltd)
amp,9457011000001105,0205051J0AAAAAA,Fosinopril 10mg tablets (Kent Pharmaceuticals Ltd)
amp,9471311000001104,0205051J0AAAAAA,Fosinopril 10mg tablets (Sandoz Ltd)
amp,9474311000001101,0205051J0AAAAAA,Fosinopril 10mg tablets (A A H Pharmaceuticals Ltd)
amp,9499611000001103,0205051J0AAAAAA,Fosinopril 10mg tablets (Alliance Healthcare (Distribution) Ltd)
amp,9554711000001108,0205051J0AAAAAA,Fosinopril 10mg tablets (Mylan)
amp,10294511000001103,0205051J0AAAAAA,Fosinopril 10mg tablets (Focus Pharmaceuticals Ltd)
amp,10435511000001108,0205051J0AAAAAA,Fosinopril 10mg tablets (Arrow Generics Ltd)
amp,13765611000001105,0205051J0AAAAAA,Fosinopril 10mg tablets (Apotex UK Ltd)
amp,15089111000001108,0205051J0AAAAAA,Fosinopril 10mg tablets (Sigma Pharmaceuticals Plc)
amp,20925711000001102,0205051J0AAAAAA,Fosinopril 10mg tablets (Aurobindo Pharma Ltd)
amp,22018011000001101,0205051J0AAAAAA,Fosinopril 10mg tablets (Waymade Healthcare Plc)
amp,23981411000001102,0205051J0AAAAAA,Fosinopril 10mg tablets (DE Pharmaceuticals)
amp,37078211000001101,0205051J0AAAAAA,Fosinopril 10mg tablets (Mawdsley-Brooks & Company Ltd)
amp,9445611000001108,0205051J0AAABAB,Fosinopril 20mg tablets (Actavis UK Ltd)
amp,9448911000001108,0205051J0AAABAB,Fosinopril 20mg tablets (Zentiva)
amp,9450511000001101,0205051J0AAABAB,Fosinopril 20mg tablets (Teva UK Ltd)
amp,9457311000001108,0205051J0AAABAB,Fosinopril 20mg tablets (Kent Pharmaceuticals Ltd)
amp,9471511000001105,0205051J0AAABAB,Fosinopril 20mg tablets (Sandoz Ltd)
amp,9474511000001107,0205051J0AAABAB,Fosinopril 20mg tablets (A A H Pharmaceuticals Ltd)
amp,9500311000001107,0205051J0AAABAB,Fosinopril 20mg tablets (Alliance Healthcare (Distribution) Ltd)
amp,9554911000001105,0205051J0AAABAB,Fosinopril 20mg tablets (Mylan)
amp,10294711000001108,0205051J0AAABAB,Fosinopril 20mg tablets (Focus Pharmaceuticals Ltd)
amp,10435711000001103,0205051J0AAABAB,Fosinopril 20mg tablets (Arrow Generics Ltd)
amp,13765811000001109,0205051J0AAABAB,Fosinopril 20mg tablets (Apotex UK Ltd)
amp,15209611000001107,0205051J0AAABAB,Fosinopril 20mg tablets (Sigma Pharmaceuticals Plc)
amp,20937311000001107,0205051J0AAABAB,Fosinopril 20mg tablets (Aurobindo Pharma Ltd)
amp,23981611000001104,0205051J0AAABAB,Fosinopril 20mg tablets (DE Pharmaceuticals)
amp,37078911000001105,0205051J0AAABAB,Fosinopril 20mg tablets (Mawdsley-Brooks & Company Ltd)
amp,12006411000001108,0205051J0AAACAC,Fosinopril 20mg/5ml oral suspension (Special Order)
amp,12006711000001102,0205051J0AAACAC,Fosinopril 20mg/5ml oral solution (Special Order)
amp,462511000001104,0205051J0BBAAAA,Staril 10mg tablets (Bristol-Myers Squibb Pharmaceuticals Ltd)
amp,348111000001107,0205051J0BBABAB,Staril 20mg tablets (Bristol-Myers Squibb Pharmaceuticals Ltd)
amp,60211000001105,0205051L0AAAAAA,Lisinopril 2.5mg tablets (Teva UK Ltd)
amp,96611000001106,0205051L0AAAAAA,Lisinopril 2.5mg tablets (Ranbaxy (UK) Ltd)
amp,337211000001101,0205051L0AAAAAA,Lisinopril 2.5mg tablets (Alliance Healthcare (Distribution) Ltd)
amp,460011000001108,0205051L0AAAAAA,Lisinopril 2.5mg tablets (Actavis UK Ltd)
amp,461611000001106,0205051L0AAAAAA,Lisinopril 2.5mg tablets (Zentiva)
amp,709811000001102,0205051L0AAAAAA,Lisinopril 2.5mg tablets (Kent Pharmaceuticals Ltd)
amp,874311000001100,0205051L0AAAAAA,Lisinopril 2.5mg tablets (A A H Pharmaceuticals Ltd)
amp,877611000001104,0205051L0AAAAAA,Lisinopril 2.5mg tablets (Sandoz Ltd)
amp,3695211000001103,0205051L0AAAAAA,Lisinopril 2.5mg tablets (IVAX Pharmaceuticals UK Ltd)
amp,5253711000001106,0205051L0AAAAAA,Lisinopril 2.5mg tablets (Mylan)
amp,9809811000001108,0205051L0AAAAAA,Lisinopril 2.5mg tablets (Almus Pharmaceuticals Ltd)
amp,10290411000001108,0205051L0AAAAAA,Lisinopril 2.5mg tablets (Relonchem Ltd)
amp,10385711000001103,0205051L0AAAAAA,Lisinopril 2.5mg tablets (Arrow Generics Ltd)
amp,14122911000001109,0205051L0AAAAAA,Lisinopril 2.5mg tablets (Consilient Health Ltd)
amp,15107611000001100,0205051L0AAAAAA,Lisinopril 2.5mg tablets (Sigma Pharmaceuticals Plc)
amp,16060211000001109,0205051L0AAAAAA,Lisinopril 2.5mg tablets (Bristol Laboratories Ltd)
amp,17937011000001103,0205051L0AAAAAA,Lisinopril 2.5mg tablets (Phoenix Healthcare Distribution Ltd)
amp,22072211000001102,0205051L0AAAAAA,Lisinopril 2.5mg tablets (Waymade Healthcare Plc)
amp,24368011000001107,0205051L0AAAAAA,Lisinopril 2.5mg tablets (DE Pharmaceuticals)
amp,27377211000001100,0205051L0AAAAAA,Lisinopril 2.5mg tablets (Lupin Healthcare (UK) Ltd)
amp,30221411000001105,0205051L0AAAAAA,Lisinopril 2.5mg tablets (Mawdsley-Brooks & Company Ltd)
amp,35391311000001107,0205051L0AAAAAA,Lisinopril 2.5mg tablets (Crescent Pharma Ltd)
amp,18111000001103,0205051L0AAABAB,Lisinopril 5mg tablets (A A H Pharmaceuticals Ltd)
amp,34511000001109,0205051L0AAABAB,Lisinopril 5mg tablets (Actavis UK Ltd)
amp,35611000001109,0205051L0AAABAB,Lisinopril 5mg tablets (Mylan)
amp,72111000001106,0205051L0AAABAB,Lisinopril 5mg tablets (Alliance Healthcare (Distribution) Ltd)
amp,528611000001100,0205051L0AAABAB,Lisinopril 5mg tablets (Teva UK Ltd)
amp,561911000001108,0205051L0AAABAB,Lisinopril 5mg tablets (Kent Pharmaceuticals Ltd)
amp,574111000001103,0205051L0AAABAB,Lisinopril 5mg tablets (Zentiva)
amp,683211000001108,0205051L0AAABAB,Lisinopril 5mg tablets (Sandoz Ltd)
amp,854811000001107,0205051L0AAABAB,Lisinopril 5mg tablets (Ranbaxy (UK) Ltd)
amp,3695411000001104,0205051L0AAABAB,Lisinopril 5mg tablets (IVAX Pharmaceuticals UK Ltd)
amp,9810211000001103,0205051L0AAABAB,Lisinopril 5mg tablets (Almus Pharmaceuticals Ltd)
amp,10291711000001105,0205051L0AAABAB,Lisinopril 5mg tablets (Relonchem Ltd)
amp,10386011000001109,0205051L0AAABAB,Lisinopril 5mg tablets (Arrow Generics Ltd)
amp,13754011000001107,0205051L0AAABAB,Lisinopril 5mg tablets (Tillomed Laboratories Ltd)
amp,14123111000001100,0205051L0AAABAB,Lisinopril 5mg tablets (Consilient Health Ltd)
amp,15108011000001108,0205051L0AAABAB,Lisinopril 5mg tablets (Sigma Pharmaceuticals Plc)
amp,16060411000001108,0205051L0AAABAB,Lisinopril 5mg tablets (Bristol Laboratories Ltd)
amp,17937211000001108,0205051L0AAABAB,Lisinopril 5mg tablets (Phoenix Healthcare Distribution Ltd)
amp,18463411000001102,0205051L0AAABAB,Lisinopril 5mg tablets (Accord Healthcare Ltd)
amp,22072411000001103,0205051L0AAABAB,Lisinopril 5mg tablets (Waymade Healthcare Plc)
amp,24368811000001101,0205051L0AAABAB,Lisinopril 5mg tablets (DE Pharmaceuticals)
amp,27377411000001101,0205051L0AAABAB,Lisinopril 5mg tablets (Lupin Healthcare (UK) Ltd)
amp,30221611000001108,0205051L0AAABAB,Lisinopril 5mg tablets (Mawdsley-Brooks & Company Ltd)
amp,35165211000001107,0205051L0AAABAB,Lisinopril 5mg tablets (Aurobindo Pharma Ltd)
amp,35391711000001106,0205051L0AAABAB,Lisinopril 5mg tablets (Crescent Pharma Ltd)
amp,145811000001100,0205051L0AAACAC,Lisinopril 10mg tablets (Sandoz Ltd)
amp,247511000001109,0205051L0AAACAC,Lisinopril 10mg tablets (Actavis UK Ltd)
amp,499711000001101,0205051L0AAACAC,Lisinopril 10mg tablets (Zentiva)
amp,532711000001109,0205051L0AAACAC,Lisinopril 10mg tablets (A A H Pharmaceuticals Ltd)
amp,640511000001107,0205051L0AAACAC,Lisinopril 10mg tablets (Teva UK Ltd)
amp,656411000001108,0205051L0AAACAC,Lisinopril 10mg tablets (Mylan)
amp,832711000001108,0205051L0AAACAC,Lisinopril 10mg tablets (Kent Pharmaceuticals Ltd)
amp,872611000001102,0205051L0AAACAC,Lisinopril 10mg tablets (Ranbaxy (UK) Ltd)
amp,912911000001107,0205051L0AAACAC,Lisinopril 10mg tablets (Alliance Healthcare (Distribution) Ltd)
amp,3695611000001101,0205051L0AAACAC,Lisinopril 10mg tablets (IVAX Pharmaceuticals UK Ltd)
amp,9810411000001104,0205051L0AAACAC,Lisinopril 10mg tablets (Almus Pharmaceuticals Ltd)
amp,10290011000001104,0205051L0AAACAC,Lisinopril 10mg tablets (Relonchem Ltd)
amp,10386411000001100,0205051L0AAACAC,Lisinopril 10mg tablets (Arrow Generics Ltd)
amp,13754211000001102,0205051L0AAACAC,Lisinopril 10mg tablets (Tillomed Laboratories Ltd)
amp,14123311000001103,0205051L0AAACAC,Lisinopril 10mg tablets (Consilient Health Ltd)
amp,15107411000001103,0205051L0AAACAC,Lisinopril 10mg tablets (Sigma Pharmaceuticals Plc)
amp,16060611000001106,0205051L0AAACAC,Lisinopril 10mg tablets (Bristol Laboratories Ltd)
amp,17937411000001107,0205051L0AAACAC,Lisinopril 10mg tablets (Phoenix Healthcare Distribution Ltd)
amp,18463011000001106,0205051L0AAACAC,Lisinopril 10mg tablets (Accord Healthcare Ltd)
amp,22072611000001100,0205051L0AAACAC,Lisinopril 10mg tablets (Waymade Healthcare Plc)
amp,24367411000001102,0205051L0AAACAC,Lisinopril 10mg tablets (DE Pharmaceuticals)
amp,27377611000001103,0205051L0AAACAC,Lisinopril 10mg tablets (Lupin Healthcare (UK) Ltd)
amp,30221811000001107,0205051L0AAACAC,Lisinopril 10mg tablets (Mawdsley-Brooks & Company Ltd)
amp,35165411000001106,0205051L0AAACAC,Lisinopril 10mg tablets (Aurobindo Pharma Ltd)
amp,35392011000001101,0205051L0AAACAC,Lisinopril 10mg tablets (Crescent Pharma Ltd)
amp,155311000001107,0205051L0AAADAD,Lisinopril 20mg tablets (Ranbaxy (UK) Ltd)
amp,360711000001100,0205051L0AAADAD,Lisinopril 20mg tablets (Zentiva)
amp,460111000001109,0205051L0AAADAD,Lisinopril 20mg tablets (Actavis UK Ltd)
amp,487411000001102,0205051L0AAADAD,Lisinopril 20mg tablets (Teva UK Ltd)
amp,576511000001101,0205051L0AAADAD,Lisinopril 20mg tablets (Mylan)
amp,580411000001107,0205051L0AAADAD,Lisinopril 20mg tablets (Alliance Healthcare (Distribution) Ltd)
amp,607011000001108,0205051L0AAADAD,Lisinopril 20mg tablets (Kent Pharmaceuticals Ltd)
amp,637111000001101,0205051L0AAADAD,Lisinopril 20mg tablets (Sandoz Ltd)
amp,668811000001102,0205051L0AAADAD,Lisinopril 20mg tablets (A A H Pharmaceuticals Ltd)
amp,3695811000001102,0205051L0AAADAD,Lisinopril 20mg tablets (IVAX Pharmaceuticals UK Ltd)
amp,9810811000001102,0205051L0AAADAD,Lisinopril 20mg tablets (Almus Pharmaceuticals Ltd)
amp,10291011000001108,0205051L0AAADAD,Lisinopril 20mg tablets (Relonchem Ltd)
amp,10386911000001108,0205051L0AAADAD,Lisinopril 20mg tablets (Arrow Generics Ltd)
amp,13754411000001103,0205051L0AAADAD,Lisinopril 20mg tablets (Tillomed Laboratories Ltd)
amp,14123511000001109,0205051L0AAADAD,Lisinopril 20mg tablets (Consilient Health Ltd)
amp,15107811000001101,0205051L0AAADAD,Lisinopril 20mg tablets (Sigma Pharmaceuticals Plc)
amp,16060811000001105,0205051L0AAADAD,Lisinopril 20mg tablets (Bristol Laboratories Ltd)
amp,17937611000001105,0205051L0AAADAD,Lisinopril 20mg tablets (Phoenix Healthcare Distribution Ltd)
amp,18463211000001101,0205051L0AAADAD,Lisinopril 20mg tablets (Accord Healthcare Ltd)
amp,22072811000001101,0205051L0AAADAD,Lisinopril 20mg tablets (Waymade Healthcare Plc)
amp,24368611000001100,0205051L0AAADAD,Lisinopril 20mg tablets (DE Pharmaceuticals)
amp,27377811000001104,0205051L0AAADAD,Lisinopril 20mg tablets (Lupin Healthcare (UK) Ltd)
amp,30222011000001109,0205051L0AAADAD,Lisinopril 20mg tablets (Mawdsley-Brooks & Company Ltd)
amp,35165611000001109,0205051L0AAADAD,Lisinopril 20mg tablets (Aurobindo Pharma Ltd)
amp,35392311000001103,0205051L0AAADAD,Lisinopril 20mg tablets (Crescent Pharma Ltd)
amp,8593711000001101,0205051L0AAAGAG,Lisinopril 5mg/5ml oral solution (Special Order)
amp,8594211000001106,0205051L0AAAGAG,Lisinopril 5mg/5ml oral suspension (Special Order)
amp,8590911000001107,0205051L0AAAHAH,Lisinopril 10mg/5ml oral solution (Special Order)
amp,8591311000001101,0205051L0AAAHAH,Lisinopril 10mg/5ml oral suspension (Special Order)
amp,8592211000001102,0205051L0AAAIAI,Lisinopril 2.5mg/5ml oral suspension (Special Order)
amp,12735011000001103,0205051L0AAAJAJ,Lisinopril 30mg/5ml oral suspension (Special Order)
amp,12735911000001104,0205051L0AAAJAJ,Lisinopril 30mg/5ml oral solution (Special Order)
amp,12733911000001100,0205051L0AAAKAK,Lisinopril 15mg/5ml oral suspension (Special Order)
amp,12734311000001104,0205051L0AAAKAK,Lisinopril 15mg/5ml oral solution (Special Order)
amp,12736511000001104,0205051L0AAAMAM,Lisinopril 500micrograms/5ml oral suspension (Special Order)
amp,12736911000001106,0205051L0AAAMAM,Lisinopril 500micrograms/5ml oral solution (Special Order)
amp,8592511000001104,0205051L0AAANAN,Lisinopril 7.5mg/5ml oral solution (Special Order)
amp,8593111000001102,0205051L0AAANAN,Lisinopril 7.5mg/5ml oral suspension (Special Order)
amp,30223811000001106,0205051L0AAAQAQ,Lisinopril 5mg/5ml oral solution sugar free (Essential Pharmaceuticals Ltd)
amp,30801411000001106,0205051L0AAAQAQ,Lisinopril 5mg/5ml oral solution sugar free (Alliance Healthcare (Distribution) Ltd)
amp,30987911000001102,0205051L0AAAQAQ,Lisinopril 5mg/5ml oral solution sugar free (A A H Pharmaceuticals Ltd)
amp,20549611000001104,0205051L0AAARAR,Lisinopril 40mg/5ml oral suspension (Special Order)
amp,13976211000001104,0205051L0AAASAS,Lisinopril 37.5mg/5ml oral solution (Special Order)
amp,13976511000001101,0205051L0AAASAS,Lisinopril 37.5mg/5ml oral suspension (Special Order)
amp,15879311000001102,0205051L0AAATAT,Lisinopril 14mg/5ml oral solution (Special Order)
amp,15879611000001107,0205051L0AAATAT,Lisinopril 14mg/5ml oral suspension (Special Order)
amp,8591911000001100,0205051L0AAAWAW,Lisinopril 2.5mg/5ml oral solution (Special Order)
amp,8592811000001101,0205051L0AAAYAY,Lisinopril 20mg/5ml oral solution (Drug Tariff Special Order)
amp,8593411000001107,0205051L0AAAZAZ,Lisinopril 20mg/5ml oral suspension (Drug Tariff Special Order)
amp,593111000001108,0205051L0BBAAAA,Zestril 2.5mg tablets (AstraZeneca UK Ltd)
amp,823211000001109,0205051L0BBABAB,Zestril 5mg tablets (AstraZeneca UK Ltd)
amp,825311000001100,0205051L0BBACAC,Zestril 10mg tablets (AstraZeneca UK Ltd)
amp,891711000001107,0205051L0BBADAD,Zestril 20mg tablets (AstraZeneca UK Ltd)
amp,321011000001103,0205051L0BCAAAA,Carace 2.5mg tablets (Bristol-Myers Squibb Pharmaceuticals Ltd)
amp,778011000001109,0205051L0BCABAB,Carace 5mg tablets (Bristol-Myers Squibb Pharmaceuticals Ltd)
amp,315211000001104,0205051L0BCACAC,Carace 10mg tablets (Bristol-Myers Squibb Pharmaceuticals Ltd)
amp,56711000001109,0205051L0BCADAD,Carace 20mg tablets (Bristol-Myers Squibb Pharmaceuticals Ltd)
amp,7314011000001108,0205051L0BEAAAA,Lisopress 2.5mg tablets (Teva UK Ltd)
amp,7314511000001100,0205051L0BEABAB,Lisopress 5mg tablets (Teva UK Ltd)
amp,7314811000001102,0205051L0BEACAC,Lisopress 10mg tablets (Teva UK Ltd)
amp,7315011000001107,0205051L0BEADAD,Lisopress 20mg tablets (Teva UK Ltd)
amp,10742711000001102,0205051M0AAAAAA,Perindopril erbumine 2mg tablets (Kent Pharmaceuticals Ltd)
amp,10828511000001108,0205051M0AAAAAA,Perindopril erbumine 2mg tablets (A A H Pharmaceuticals Ltd)
amp,11879711000001104,0205051M0AAAAAA,Perindopril erbumine 2mg tablets (Teva UK Ltd)
amp,12060711000001101,0205051M0AAAAAA,Perindopril erbumine 2mg tablets (Alliance Healthcare (Distribution) Ltd)
amp,12498511000001100,0205051M0AAAAAA,Perindopril erbumine 2mg tablets (Actavis UK Ltd)
amp,13651711000001102,0205051M0AAAAAA,Perindopril erbumine 2mg tablets (Sandoz Ltd)
amp,13767611000001103,0205051M0AAAAAA,Perindopril erbumine 2mg tablets (Apotex UK Ltd)
amp,14126011000001109,0205051M0AAAAAA,Perindopril erbumine 2mg tablets (Consilient Health Ltd)
amp,15156311000001100,0205051M0AAAAAA,Perindopril erbumine 2mg tablets (Sigma Pharmaceuticals Plc)
amp,15639011000001109,0205051M0AAAAAA,Perindopril erbumine 2mg tablets (Glenmark Pharmaceuticals Europe Ltd)
amp,16213611000001106,0205051M0AAAAAA,Perindopril erbumine 2mg tablets (Ranbaxy (UK) Ltd)
amp,16631411000001104,0205051M0AAAAAA,Perindopril erbumine 2mg tablets (Mylan)
amp,17955511000001101,0205051M0AAAAAA,Perindopril erbumine 2mg tablets (Phoenix Healthcare Distribution Ltd)
amp,18426311000001107,0205051M0AAAAAA,Perindopril erbumine 2mg tablets (Somex Pharma)
amp,21295411000001108,0205051M0AAAAAA,Perindopril erbumine 2mg tablets (Accord Healthcare Ltd)
amp,21845111000001102,0205051M0AAAAAA,Perindopril erbumine 2mg tablets (Waymade Healthcare Plc)
amp,22378611000001102,0205051M0AAAAAA,Perindopril erbumine 2mg tablets (Aurobindo Pharma Ltd)
amp,26782611000001107,0205051M0AAAAAA,Perindopril erbumine 2mg tablets (Tillomed Laboratories Ltd)
amp,30075311000001109,0205051M0AAAAAA,Perindopril erbumine 2mg tablets (DE Pharmaceuticals)
amp,36838711000001105,0205051M0AAAAAA,Perindopril erbumine 2mg tablets (Torrent Pharma (UK) Ltd)
amp,37126511000001107,0205051M0AAAAAA,Perindopril erbumine 2mg tablets (Mawdsley-Brooks & Company Ltd)
amp,10743211000001103,0205051M0AAABAB,Perindopril erbumine 4mg tablets (Kent Pharmaceuticals Ltd)
amp,10828711000001103,0205051M0AAABAB,Perindopril erbumine 4mg tablets (A A H Pharmaceuticals Ltd)
amp,11879911000001102,0205051M0AAABAB,Perindopril erbumine 4mg tablets (Teva UK Ltd)
amp,12061211000001102,0205051M0AAABAB,Perindopril erbumine 4mg tablets (Alliance Healthcare (Distribution) Ltd)
amp,12498711000001105,0205051M0AAABAB,Perindopril erbumine 4mg tablets (Actavis UK Ltd)
amp,13652011000001107,0205051M0AAABAB,Perindopril erbumine 4mg tablets (Sandoz Ltd)
amp,13767811000001104,0205051M0AAABAB,Perindopril erbumine 4mg tablets (Apotex UK Ltd)
amp,14126311000001107,0205051M0AAABAB,Perindopril erbumine 4mg tablets (Consilient Health Ltd)
amp,15156711000001101,0205051M0AAABAB,Perindopril erbumine 4mg tablets (Sigma Pharmaceuticals Plc)
amp,15639211000001104,0205051M0AAABAB,Perindopril erbumine 4mg tablets (Glenmark Pharmaceuticals Europe Ltd)
amp,16213911000001100,0205051M0AAABAB,Perindopril erbumine 4mg tablets (Ranbaxy (UK) Ltd)
amp,16631211000001103,0205051M0AAABAB,Perindopril erbumine 4mg tablets (Mylan)
amp,17955711000001106,0205051M0AAABAB,Perindopril erbumine 4mg tablets (Phoenix Healthcare Distribution Ltd)
amp,18426911000001108,0205051M0AAABAB,Perindopril erbumine 4mg tablets (Somex Pharma)
amp,21296211000001103,0205051M0AAABAB,Perindopril erbumine 4mg tablets (Accord Healthcare Ltd)
amp,21845411000001107,0205051M0AAABAB,Perindopril erbumine 4mg tablets (Waymade Healthcare Plc)
amp,22378411000001100,0205051M0AAABAB,Perindopril erbumine 4mg tablets (Aurobindo Pharma Ltd)
amp,26783111000001105,0205051M0AAABAB,Perindopril erbumine 4mg tablets (Tillomed Laboratories Ltd)
amp,30075511000001103,0205051M0AAABAB,Perindopril erbumine 4mg tablets (DE Pharmaceuticals)
amp,30856611000001105,0205051M0AAABAB,Perindopril erbumine 4mg tablets (Mawdsley-Brooks & Company Ltd)
amp,36839011000001103,0205051M0AAABAB,Perindopril erbumine 4mg tablets (Torrent Pharma (UK) Ltd)
amp,12995911000001103,0205051M0AAACAC,Perindopril erbumine 1mg/5ml oral suspension (Special Order)
amp,12996511000001103,0205051M0AAACAC,Perindopril erbumine 1mg/5ml oral solution (Special Order)
amp,8646211000001104,0205051M0AAADAD,Perindopril erbumine 2mg/5ml oral suspension (Special Order)
amp,10829111000001106,0205051M0AAAFAF,Perindopril erbumine 8mg tablets (A A H Pharmaceuticals Ltd)
amp,11880111000001100,0205051M0AAAFAF,Perindopril erbumine 8mg tablets (Teva UK Ltd)
amp,11925111000001106,0205051M0AAAFAF,Perindopril erbumine 8mg tablets (Kent Pharmaceuticals Ltd)
amp,12061411000001103,0205051M0AAAFAF,Perindopril erbumine 8mg tablets (Alliance Healthcare (Distribution) Ltd)
amp,12498911000001107,0205051M0AAAFAF,Perindopril erbumine 8mg tablets (Actavis UK Ltd)
amp,13768011000001106,0205051M0AAAFAF,Perindopril erbumine 8mg tablets (Apotex UK Ltd)
amp,15157111000001104,0205051M0AAAFAF,Perindopril erbumine 8mg tablets (Sigma Pharmaceuticals Plc)
amp,15639611000001102,0205051M0AAAFAF,Perindopril erbumine 8mg tablets (Glenmark Pharmaceuticals Europe Ltd)
amp,16631011000001108,0205051M0AAAFAF,Perindopril erbumine 8mg tablets (Mylan)
amp,17218111000001108,0205051M0AAAFAF,Perindopril erbumine 8mg tablets (Consilient Health Ltd)
amp,17955911000001108,0205051M0AAAFAF,Perindopril erbumine 8mg tablets (Phoenix Healthcare Distribution Ltd)
amp,18428311000001106,0205051M0AAAFAF,Perindopril erbumine 8mg tablets (Somex Pharma)
amp,20104111000001105,0205051M0AAAFAF,Perindopril erbumine 8mg tablets (Ranbaxy (UK) Ltd)
amp,20319211000001109,0205051M0AAAFAF,Perindopril erbumine 8mg tablets (Sandoz Ltd)
amp,21296511000001100,0205051M0AAAFAF,Perindopril erbumine 8mg tablets (Accord Healthcare Ltd)
amp,21845711000001101,0205051M0AAAFAF,Perindopril erbumine 8mg tablets (Waymade Healthcare Plc)
amp,22378211000001104,0205051M0AAAFAF,Perindopril erbumine 8mg tablets (Aurobindo Pharma Ltd)
amp,26783411000001100,0205051M0AAAFAF,Perindopril erbumine 8mg tablets (Tillomed Laboratories Ltd)
amp,30075711000001108,0205051M0AAAFAF,Perindopril erbumine 8mg tablets (DE Pharmaceuticals)
amp,30856811000001109,0205051M0AAAFAF,Perindopril erbumine 8mg tablets (Mawdsley-Brooks & Company Ltd)
amp,36839511000001106,0205051M0AAAFAF,Perindopril erbumine 8mg tablets (Torrent Pharma (UK) Ltd)
amp,14032211000001108,0205051M0AAAHAH,Perindopril erbumine 8mg/5ml oral solution (Special Order)
amp,14032511000001106,0205051M0AAAHAH,Perindopril erbumine 8mg/5ml oral suspension (Special Order)
amp,16046711000001106,0205051M0AAAJAJ,Perindopril erbumine 2mg oral powder sachets (Special Order)
amp,23395011000001104,0205051M0AAAKAK,Perindopril erbumine 4mg/5ml oral solution (Drug Tariff Special Order)
amp,8647111000001108,0205051M0AAALAL,Perindopril erbumine 4mg/5ml oral suspension (Drug Tariff Special Order)
amp,32875411000001106,0205051M0AAAMAM,Perindopril erbumine 3mg/5ml oral solution (Special Order)
amp,48211000001104,0205051M0BBAAAA,Coversyl 2mg tablets (Servier Laboratories Ltd)
amp,902211000001100,0205051M0BBABAB,Coversyl 4mg tablets (Servier Laboratories Ltd)
amp,3803711000001101,0205051M0BBACAF,Coversyl 8mg tablets (Servier Laboratories Ltd)
amp,7391911000001105,0205051Q0AAAAAA,Quinapril 5mg tablets (Mylan)
amp,7396911000001100,0205051Q0AAAAAA,Quinapril 5mg tablets (Teva UK Ltd)
amp,7496811000001101,0205051Q0AAAAAA,Quinapril 5mg tablets (A A H Pharmaceuticals Ltd)
amp,7506011000001104,0205051Q0AAAAAA,Quinapril 5mg tablets (Actavis UK Ltd)
amp,7514011000001106,0205051Q0AAAAAA,Quinapril 5mg tablets (Alliance Healthcare (Distribution) Ltd)
amp,7561411000001103,0205051Q0AAAAAA,Quinapril 5mg tablets (Kent Pharmaceuticals Ltd)
amp,8044211000001102,0205051Q0AAAAAA,Quinapril 5mg tablets (Genus Pharmaceuticals Ltd)
amp,10410311000001101,0205051Q0AAAAAA,Quinapril 5mg tablets (Arrow Generics Ltd)
amp,15180311000001105,0205051Q0AAAAAA,Quinapril 5mg tablets (Sigma Pharmaceuticals Plc)
amp,18169211000001100,0205051Q0AAAAAA,Quinapril 5mg tablets (Phoenix Healthcare Distribution Ltd)
amp,21875211000001107,0205051Q0AAAAAA,Quinapril 5mg tablets (Waymade Healthcare Plc)
amp,27615511000001108,0205051Q0AAAAAA,Quinapril 5mg tablets (Lupin Healthcare (UK) Ltd)
amp,30083611000001105,0205051Q0AAAAAA,Quinapril 5mg tablets (DE Pharmaceuticals)
amp,30861511000001109,0205051Q0AAAAAA,Quinapril 5mg tablets (Mawdsley-Brooks & Company Ltd)
amp,7392211000001108,0205051Q0AAABAB,Quinapril 10mg tablets (Mylan)
amp,7397111000001100,0205051Q0AAABAB,Quinapril 10mg tablets (Teva UK Ltd)
amp,7498511000001103,0205051Q0AAABAB,Quinapril 10mg tablets (A A H Pharmaceuticals Ltd)
amp,7506211000001109,0205051Q0AAABAB,Quinapril 10mg tablets (Actavis UK Ltd)
amp,7514211000001101,0205051Q0AAABAB,Quinapril 10mg tablets (Alliance Healthcare (Distribution) Ltd)
amp,7561611000001100,0205051Q0AAABAB,Quinapril 10mg tablets (Kent Pharmaceuticals Ltd)
amp,8044511000001104,0205051Q0AAABAB,Quinapril 10mg tablets (Genus Pharmaceuticals Ltd)
amp,10410511000001107,0205051Q0AAABAB,Quinapril 10mg tablets (Arrow Generics Ltd)
amp,15178411000001106,0205051Q0AAABAB,Quinapril 10mg tablets (Sigma Pharmaceuticals Plc)
amp,17912611000001103,0205051Q0AAABAB,Quinapril 10mg tablets (Ranbaxy (UK) Ltd)
amp,18169411000001101,0205051Q0AAABAB,Quinapril 10mg tablets (Phoenix Healthcare Distribution Ltd)
amp,21875411000001106,0205051Q0AAABAB,Quinapril 10mg tablets (Waymade Healthcare Plc)
amp,27617011000001107,0205051Q0AAABAB,Quinapril 10mg tablets (Lupin Healthcare (UK) Ltd)
amp,30084211000001106,0205051Q0AAABAB,Quinapril 10mg tablets (DE Pharmaceuticals)
amp,30861711000001104,0205051Q0AAABAB,Quinapril 10mg tablets (Mawdsley-Brooks & Company Ltd)
amp,7392411000001107,0205051Q0AAACAC,Quinapril 20mg tablets (Mylan)
amp,7397311000001103,0205051Q0AAACAC,Quinapril 20mg tablets (Teva UK Ltd)
amp,7498711000001108,0205051Q0AAACAC,Quinapril 20mg tablets (A A H Pharmaceuticals Ltd)
amp,7506411000001108,0205051Q0AAACAC,Quinapril 20mg tablets (Actavis UK Ltd)
amp,7514411000001102,0205051Q0AAACAC,Quinapril 20mg tablets (Alliance Healthcare (Distribution) Ltd)
amp,7561811000001101,0205051Q0AAACAC,Quinapril 20mg tablets (Kent Pharmaceuticals Ltd)
amp,8044711000001109,0205051Q0AAACAC,Quinapril 20mg tablets (Genus Pharmaceuticals Ltd)
amp,10410711000001102,0205051Q0AAACAC,Quinapril 20mg tablets (Arrow Generics Ltd)
amp,15179411000001103,0205051Q0AAACAC,Quinapril 20mg tablets (Sigma Pharmaceuticals Plc)
amp,17912811000001104,0205051Q0AAACAC,Quinapril 20mg tablets (Ranbaxy (UK) Ltd)
amp,18169611000001103,0205051Q0AAACAC,Quinapril 20mg tablets (Phoenix Healthcare Distribution Ltd)
amp,21875711000001100,0205051Q0AAACAC,Quinapril 20mg tablets (Waymade Healthcare Plc)
amp,27618511000001100,0205051Q0AAACAC,Quinapril 20mg tablets (Lupin Healthcare (UK) Ltd)
amp,30084511000001109,0205051Q0AAACAC,Quinapril 20mg tablets (DE Pharmaceuticals)
amp,30861911000001102,0205051Q0AAACAC,Quinapril 20mg tablets (Mawdsley-Brooks & Company Ltd)
amp,7392611000001105,0205051Q0AAADAD,Quinapril 40mg tablets (Mylan)
amp,7397511000001109,0205051Q0AAADAD,Quinapril 40mg tablets (Teva UK Ltd)
amp,7498911000001105,0205051Q0AAADAD,Quinapril 40mg tablets (A A H Pharmaceuticals Ltd)
amp,7514611000001104,0205051Q0AAADAD,Quinapril 40mg tablets (Alliance Healthcare (Distribution) Ltd)
amp,7562011000001104,0205051Q0AAADAD,Quinapril 40mg tablets (Kent Pharmaceuticals Ltd)
amp,8093311000001102,0205051Q0AAADAD,Quinapril 40mg tablets (Actavis UK Ltd)
amp,10410911000001100,0205051Q0AAADAD,Quinapril 40mg tablets (Arrow Generics Ltd)
amp,15179711000001109,0205051Q0AAADAD,Quinapril 40mg tablets (Sigma Pharmaceuticals Plc)
amp,17913011000001101,0205051Q0AAADAD,Quinapril 40mg tablets (Ranbaxy (UK) Ltd)
amp,18169811000001104,0205051Q0AAADAD,Quinapril 40mg tablets (Phoenix Healthcare Distribution Ltd)
amp,21876011000001106,0205051Q0AAADAD,Quinapril 40mg tablets (Waymade Healthcare Plc)
amp,27695411000001108,0205051Q0AAADAD,Quinapril 40mg tablets (Lupin Healthcare (UK) Ltd)
amp,30084811000001107,0205051Q0AAADAD,Quinapril 40mg tablets (DE Pharmaceuticals)
amp,30862111000001105,0205051Q0AAADAD,Quinapril 40mg tablets (Mawdsley-Brooks & Company Ltd)
amp,582611000001106,0205051Q0BBAAAA,Accupro 5mg tablets (Pfizer Ltd)
amp,231111000001106,0205051Q0BBABAB,Accupro 10mg tablets (Pfizer Ltd)
amp,829111000001100,0205051Q0BBACAC,Accupro 20mg tablets (Pfizer Ltd)
amp,86411000001109,0205051Q0BBADAD,Accupro 40mg tablets (Pfizer Ltd)
amp,9207711000001100,0205051Q0BCAAAA,Quinil 5mg tablets (Tillomed Laboratories Ltd)
amp,9208111000001100,0205051Q0BCABAB,Quinil 10mg tablets (Tillomed Laboratories Ltd)
amp,9208411000001105,0205051Q0BCACAC,Quinil 20mg tablets (Tillomed Laboratories Ltd)
amp,9208711000001104,0205051Q0BCADAD,Quinil 40mg tablets (Tillomed Laboratories Ltd)
amp,5587511000001109,0205051R0AAAAAA,Ramipril 1.25mg capsules (Teva UK Ltd)
amp,5623311000001108,0205051R0AAAAAA,Ramipril 1.25mg capsules (Sandoz Ltd)
amp,5632211000001108,0205051R0AAAAAA,Ramipril 1.25mg capsules (Kent Pharmaceuticals Ltd)
amp,5873711000001102,0205051R0AAAAAA,Ramipril 1.25mg capsules (A A H Pharmaceuticals Ltd)
amp,5919811000001106,0205051R0AAAAAA,Ramipril 1.25mg capsules (Alliance Healthcare (Distribution) Ltd)
amp,7338611000001103,0205051R0AAAAAA,Ramipril 1.25mg capsules (Zentiva)
amp,7432811000001105,0205051R0AAAAAA,Ramipril 1.25mg capsules (Mylan)
amp,7816611000001107,0205051R0AAAAAA,Ramipril 1.25mg capsules (Ranbaxy (UK) Ltd)
amp,8266111000001102,0205051R0AAAAAA,Ramipril 1.25mg capsules (Actavis UK Ltd)
amp,9806011000001108,0205051R0AAAAAA,Ramipril 1.25mg capsules (Almus Pharmaceuticals Ltd)
amp,10297411000001107,0205051R0AAAAAA,Ramipril 1.25mg capsules (Focus Pharmaceuticals Ltd)
amp,10412011000001100,0205051R0AAAAAA,Ramipril 1.25mg capsules (Arrow Generics Ltd)
amp,15181211000001108,0205051R0AAAAAA,Ramipril 1.25mg capsules (Sigma Pharmaceuticals Plc)
amp,16064611000001104,0205051R0AAAAAA,Ramipril 1.25mg capsules (Bristol Laboratories Ltd)
amp,17920711000001100,0205051R0AAAAAA,Ramipril 1.25mg capsules (Phoenix Healthcare Distribution Ltd)
amp,21877711000001106,0205051R0AAAAAA,Ramipril 1.25mg capsules (Waymade Healthcare Plc)
amp,28779611000001102,0205051R0AAAAAA,Ramipril 1.25mg capsules (Ennogen Pharma Ltd)
amp,30086611000001104,0205051R0AAAAAA,Ramipril 1.25mg capsules (DE Pharmaceuticals)
amp,30865311000001101,0205051R0AAAAAA,Ramipril 1.25mg capsules (Mawdsley-Brooks & Company Ltd)
amp,32496811000001101,0205051R0AAAAAA,Ramipril 1.25mg capsules (Brown & Burk UK Ltd)
amp,34747211000001107,0205051R0AAAAAA,Ramipril 1.25mg capsules (Wockhardt UK Ltd)
amp,5588011000001100,0205051R0AAABAB,Ramipril 2.5mg capsules (Teva UK Ltd)
amp,5623511000001102,0205051R0AAABAB,Ramipril 2.5mg capsules (Sandoz Ltd)
amp,5628711000001101,0205051R0AAABAB,Ramipril 2.5mg capsules (Genus Pharmaceuticals Ltd)
amp,5631211000001101,0205051R0AAABAB,Ramipril 2.5mg capsules (Zentiva)
amp,5632411000001107,0205051R0AAABAB,Ramipril 2.5mg capsules (Kent Pharmaceuticals Ltd)
amp,5875911000001104,0205051R0AAABAB,Ramipril 2.5mg capsules (A A H Pharmaceuticals Ltd)
amp,5921211000001103,0205051R0AAABAB,Ramipril 2.5mg capsules (Alliance Healthcare (Distribution) Ltd)
amp,7433011000001108,0205051R0AAABAB,Ramipril 2.5mg capsules (Mylan)
amp,7817811000001108,0205051R0AAABAB,Ramipril 2.5mg capsules (Ranbaxy (UK) Ltd)
amp,8266411000001107,0205051R0AAABAB,Ramipril 2.5mg capsules (Actavis UK Ltd)
amp,9805611000001106,0205051R0AAABAB,Ramipril 2.5mg capsules (Almus Pharmaceuticals Ltd)
amp,10296711000001104,0205051R0AAABAB,Ramipril 2.5mg capsules (Focus Pharmaceuticals Ltd)
amp,10412211000001105,0205051R0AAABAB,Ramipril 2.5mg capsules (Arrow Generics Ltd)
amp,15183111000001101,0205051R0AAABAB,Ramipril 2.5mg capsules (Sigma Pharmaceuticals Plc)
amp,16064811000001100,0205051R0AAABAB,Ramipril 2.5mg capsules (Bristol Laboratories Ltd)
amp,17920911000001103,0205051R0AAABAB,Ramipril 2.5mg capsules (Phoenix Healthcare Distribution Ltd)
amp,21877911000001108,0205051R0AAABAB,Ramipril 2.5mg capsules (Waymade Healthcare Plc)
amp,28779811000001103,0205051R0AAABAB,Ramipril 2.5mg capsules (Ennogen Pharma Ltd)
amp,30086811000001100,0205051R0AAABAB,Ramipril 2.5mg capsules (DE Pharmaceuticals)
amp,30866311000001106,0205051R0AAABAB,Ramipril 2.5mg capsules (Mawdsley-Brooks & Company Ltd)
amp,32497011000001105,0205051R0AAABAB,Ramipril 2.5mg capsules (Brown & Burk UK Ltd)
amp,34747411000001106,0205051R0AAABAB,Ramipril 2.5mg capsules (Wockhardt UK Ltd)
amp,5588511000001108,0205051R0AAACAC,Ramipril 5mg capsules (Teva UK Ltd)
amp,5624411000001103,0205051R0AAACAC,Ramipril 5mg capsules (Sandoz Ltd)
amp,5629311000001106,0205051R0AAACAC,Ramipril 5mg capsules (Genus Pharmaceuticals Ltd)
amp,5631411000001102,0205051R0AAACAC,Ramipril 5mg capsules (Zentiva)
amp,5632611000001105,0205051R0AAACAC,Ramipril 5mg capsules (Kent Pharmaceuticals Ltd)
amp,5878511000001103,0205051R0AAACAC,Ramipril 5mg capsules (A A H Pharmaceuticals Ltd)
amp,5923011000001109,0205051R0AAACAC,Ramipril 5mg capsules (Alliance Healthcare (Distribution) Ltd)
amp,7433211000001103,0205051R0AAACAC,Ramipril 5mg capsules (Mylan)
amp,7818311000001103,0205051R0AAACAC,Ramipril 5mg capsules (Ranbaxy (UK) Ltd)
amp,8267111000001104,0205051R0AAACAC,Ramipril 5mg capsules (Actavis UK Ltd)
amp,10296511000001109,0205051R0AAACAC,Ramipril 5mg capsules (Focus Pharmaceuticals Ltd)
amp,10412411000001109,0205051R0AAACAC,Ramipril 5mg capsules (Arrow Generics Ltd)
amp,11407911000001108,0205051R0AAACAC,Ramipril 5mg capsules (Almus Pharmaceuticals Ltd)
amp,15183911000001103,0205051R0AAACAC,Ramipril 5mg capsules (Sigma Pharmaceuticals Plc)
amp,16065011000001105,0205051R0AAACAC,Ramipril 5mg capsules (Bristol Laboratories Ltd)
amp,17921111000001107,0205051R0AAACAC,Ramipril 5mg capsules (Phoenix Healthcare Distribution Ltd)
amp,21878111000001106,0205051R0AAACAC,Ramipril 5mg capsules (Waymade Healthcare Plc)
amp,28780011000001109,0205051R0AAACAC,Ramipril 5mg capsules (Ennogen Pharma Ltd)
amp,30087011000001109,0205051R0AAACAC,Ramipril 5mg capsules (DE Pharmaceuticals)
amp,30866711000001105,0205051R0AAACAC,Ramipril 5mg capsules (Mawdsley-Brooks & Company Ltd)
amp,32497211000001100,0205051R0AAACAC,Ramipril 5mg capsules (Brown & Burk UK Ltd)
amp,34747611000001109,0205051R0AAACAC,Ramipril 5mg capsules (Wockhardt UK Ltd)
amp,5589711000001107,0205051R0AAADAD,Ramipril 10mg capsules (Teva UK Ltd)
amp,5624611000001100,0205051R0AAADAD,Ramipril 10mg capsules (Sandoz Ltd)
amp,5629611000001101,0205051R0AAADAD,Ramipril 10mg capsules (Genus Pharmaceuticals Ltd)
amp,5631611000001104,0205051R0AAADAD,Ramipril 10mg capsules (Zentiva)
amp,5632811000001109,0205051R0AAADAD,Ramipril 10mg capsules (Kent Pharmaceuticals Ltd)
amp,5880511000001109,0205051R0AAADAD,Ramipril 10mg capsules (A A H Pharmaceuticals Ltd)
amp,5925111000001106,0205051R0AAADAD,Ramipril 10mg capsules (Alliance Healthcare (Distribution) Ltd)
amp,7433511000001100,0205051R0AAADAD,Ramipril 10mg capsules (Mylan)
amp,7818511000001109,0205051R0AAADAD,Ramipril 10mg capsules (Ranbaxy (UK) Ltd)
amp,8267511000001108,0205051R0AAADAD,Ramipril 10mg capsules (Actavis UK Ltd)
amp,10297111000001102,0205051R0AAADAD,Ramipril 10mg capsules (Focus Pharmaceuticals Ltd)
amp,10412711000001103,0205051R0AAADAD,Ramipril 10mg capsules (Arrow Generics Ltd)
amp,11408211000001100,0205051R0AAADAD,Ramipril 10mg capsules (Almus Pharmaceuticals Ltd)
amp,15182211000001101,0205051R0AAADAD,Ramipril 10mg capsules (Sigma Pharmaceuticals Plc)
amp,16065411000001101,0205051R0AAADAD,Ramipril 10mg capsules (Bristol Laboratories Ltd)
amp,17921311000001109,0205051R0AAADAD,Ramipril 10mg capsules (Phoenix Healthcare Distribution Ltd)
amp,21878311000001108,0205051R0AAADAD,Ramipril 10mg capsules (Waymade Healthcare Plc)
amp,28780211000001104,0205051R0AAADAD,Ramipril 10mg capsules (Ennogen Pharma Ltd)
amp,30087411000001100,0205051R0AAADAD,Ramipril 10mg capsules (DE Pharmaceuticals)
amp,30867211000001101,0205051R0AAADAD,Ramipril 10mg capsules (Mawdsley-Brooks & Company Ltd)
amp,32497411000001101,0205051R0AAADAD,Ramipril 10mg capsules (Brown & Burk UK Ltd)
amp,34747811000001108,0205051R0AAADAD,Ramipril 10mg capsules (Wockhardt UK Ltd)
amp,8694911000001107,0205051R0AAAEAE,Ramipril 5mg/5ml oral solution (Special Order)
amp,8695811000001101,0205051R0AAAEAE,Ramipril 5mg/5ml oral suspension (Special Order)
amp,8693311000001109,0205051R0AAAFAF,Ramipril 2.5mg/5ml oral solution (Special Order)
amp,8694011000001108,0205051R0AAAFAF,Ramipril 2.5mg/5ml oral suspension (Special Order)
amp,8694311000001106,0205051R0AAAGAG,Ramipril 1.25mg/5ml oral solution (Special Order)
amp,8695511000001104,0205051R0AAAGAG,Ramipril 1.25mg/5ml oral suspension (Special Order)
amp,8693211000001101,0205051R0AAAHAH,Ramipril 10mg/5ml oral solution (Special Order)
amp,8693711000001108,0205051R0AAAHAH,Ramipril 10mg/5ml oral suspension (Special Order)
amp,12992911000001106,0205051R0AAAJAJ,Ramipril 750micrograms/5ml oral suspension (Special Order)
amp,12993511000001106,0205051R0AAAJAJ,Ramipril 750micrograms/5ml oral solution (Special Order)
amp,5590011000001101,0205051R0AAAKAK,Ramipril 1.25mg tablets (Teva UK Ltd)
amp,5625611000001104,0205051R0AAAKAK,Ramipril 1.25mg tablets (Ranbaxy (UK) Ltd)
amp,5630211000001107,0205051R0AAAKAK,Ramipril 1.25mg tablets (Mylan)
amp,5710811000001107,0205051R0AAAKAK,Ramipril 1.25mg tablets (IVAX Pharmaceuticals UK Ltd)
amp,5881111000001106,0205051R0AAAKAK,Ramipril 1.25mg tablets (A A H Pharmaceuticals Ltd)
amp,5927411000001107,0205051R0AAAKAK,Ramipril 1.25mg tablets (Alliance Healthcare (Distribution) Ltd)
amp,7338811000001104,0205051R0AAAKAK,Ramipril 1.25mg tablets (Zentiva)
amp,7562211000001109,0205051R0AAAKAK,Ramipril 1.25mg tablets (Kent Pharmaceuticals Ltd)
amp,10441011000001101,0205051R0AAAKAK,Ramipril 1.25mg tablets (Niche Generics Ltd)
amp,11413411000001105,0205051R0AAAKAK,Ramipril 1.25mg tablets (PLIVA Pharma Ltd)
amp,11533411000001106,0205051R0AAAKAK,Ramipril 1.25mg tablets (Sandoz Ltd)
amp,13761711000001103,0205051R0AAAKAK,Ramipril 1.25mg tablets (Tillomed Laboratories Ltd)
amp,15181811000001109,0205051R0AAAKAK,Ramipril 1.25mg tablets (Sigma Pharmaceuticals Plc)
amp,17921611000001104,0205051R0AAAKAK,Ramipril 1.25mg tablets (Phoenix Healthcare Distribution Ltd)
amp,19834511000001104,0205051R0AAAKAK,Ramipril 1.25mg tablets (APC Pharmaceuticals & Chemicals (Europe) Ltd)
amp,21878711000001107,0205051R0AAAKAK,Ramipril 1.25mg tablets (Waymade Healthcare Plc)
amp,30087611000001102,0205051R0AAAKAK,Ramipril 1.25mg tablets (DE Pharmaceuticals)
amp,36834211000001109,0205051R0AAAKAK,Ramipril 1.25mg tablets (Torrent Pharma (UK) Ltd)
amp,37137811000001109,0205051R0AAAKAK,Ramipril 1.25mg tablets (Mawdsley-Brooks & Company Ltd)
amp,5590811000001107,0205051R0AAALAL,Ramipril 2.5mg tablets (Teva UK Ltd)
amp,5625811000001100,0205051R0AAALAL,Ramipril 2.5mg tablets (Ranbaxy (UK) Ltd)
amp,5630511000001105,0205051R0AAALAL,Ramipril 2.5mg tablets (Mylan)
amp,5712111000001101,0205051R0AAALAL,Ramipril 2.5mg tablets (IVAX Pharmaceuticals UK Ltd)
amp,5884511000001100,0205051R0AAALAL,Ramipril 2.5mg tablets (A A H Pharmaceuticals Ltd)
amp,5928111000001101,0205051R0AAALAL,Ramipril 2.5mg tablets (Alliance Healthcare (Distribution) Ltd)
amp,7339011000001100,0205051R0AAALAL,Ramipril 2.5mg tablets (Zentiva)
amp,7562411000001108,0205051R0AAALAL,Ramipril 2.5mg tablets (Kent Pharmaceuticals Ltd)
amp,10441411000001105,0205051R0AAALAL,Ramipril 2.5mg tablets (Niche Generics Ltd)
amp,10720911000001101,0205051R0AAALAL,Ramipril 2.5mg tablets (Actavis UK Ltd)
amp,11413811000001107,0205051R0AAALAL,Ramipril 2.5mg tablets (PLIVA Pharma Ltd)
amp,11533611000001109,0205051R0AAALAL,Ramipril 2.5mg tablets (Sandoz Ltd)
amp,13761911000001101,0205051R0AAALAL,Ramipril 2.5mg tablets (Tillomed Laboratories Ltd)
amp,15183611000001109,0205051R0AAALAL,Ramipril 2.5mg tablets (Sigma Pharmaceuticals Plc)
amp,17922011000001103,0205051R0AAALAL,Ramipril 2.5mg tablets (Phoenix Healthcare Distribution Ltd)
amp,19834711000001109,0205051R0AAALAL,Ramipril 2.5mg tablets (APC Pharmaceuticals & Chemicals (Europe) Ltd)
amp,21878911000001109,0205051R0AAALAL,Ramipril 2.5mg tablets (Waymade Healthcare Plc)
amp,30087811000001103,0205051R0AAALAL,Ramipril 2.5mg tablets (DE Pharmaceuticals)
amp,30867511000001103,0205051R0AAALAL,Ramipril 2.5mg tablets (Mawdsley-Brooks & Company Ltd)
amp,36834411000001108,0205051R0AAALAL,Ramipril 2.5mg tablets (Torrent Pharma (UK) Ltd)
amp,5591311000001108,0205051R0AAAMAM,Ramipril 5mg tablets (Teva UK Ltd)
amp,5626011000001102,0205051R0AAAMAM,Ramipril 5mg tablets (Ranbaxy (UK) Ltd)
amp,5630811000001108,0205051R0AAAMAM,Ramipril 5mg tablets (Mylan)
amp,5715011000001107,0205051R0AAAMAM,Ramipril 5mg tablets (IVAX Pharmaceuticals UK Ltd)
amp,5885211000001102,0205051R0AAAMAM,Ramipril 5mg tablets (A A H Pharmaceuticals Ltd)
amp,5932311000001104,0205051R0AAAMAM,Ramipril 5mg tablets (Alliance Healthcare (Distribution) Ltd)
amp,7339211000001105,0205051R0AAAMAM,Ramipril 5mg tablets (Zentiva)
amp,7562611000001106,0205051R0AAAMAM,Ramipril 5mg tablets (Kent Pharmaceuticals Ltd)
amp,10441611000001108,0205051R0AAAMAM,Ramipril 5mg tablets (Niche Generics Ltd)
amp,10721111000001105,0205051R0AAAMAM,Ramipril 5mg tablets (Actavis UK Ltd)
amp,11414011000001104,0205051R0AAAMAM,Ramipril 5mg tablets (PLIVA Pharma Ltd)
amp,11533811000001108,0205051R0AAAMAM,Ramipril 5mg tablets (Sandoz Ltd)
amp,13762111000001109,0205051R0AAAMAM,Ramipril 5mg tablets (Tillomed Laboratories Ltd)
amp,15184311000001102,0205051R0AAAMAM,Ramipril 5mg tablets (Sigma Pharmaceuticals Plc)
amp,17922411000001107,0205051R0AAAMAM,Ramipril 5mg tablets (Phoenix Healthcare Distribution Ltd)
amp,19834911000001106,0205051R0AAAMAM,Ramipril 5mg tablets (APC Pharmaceuticals & Chemicals (Europe) Ltd)
amp,20005511000001105,0205051R0AAAMAM,Ramipril 5mg tablets (Pfizer Ltd)
amp,21879211000001105,0205051R0AAAMAM,Ramipril 5mg tablets (Waymade Healthcare Plc)
amp,30088011000001105,0205051R0AAAMAM,Ramipril 5mg tablets (DE Pharmaceuticals)
amp,30867711000001108,0205051R0AAAMAM,Ramipril 5mg tablets (Mawdsley-Brooks & Company Ltd)
amp,35179911000001109,0205051R0AAAMAM,Ramipril 5mg tablets (Aurobindo Pharma Ltd)
amp,36834611000001106,0205051R0AAAMAM,Ramipril 5mg tablets (Torrent Pharma (UK) Ltd)
amp,5591911000001109,0205051R0AAANAN,Ramipril 10mg tablets (Teva UK Ltd)
amp,5626211000001107,0205051R0AAANAN,Ramipril 10mg tablets (Ranbaxy (UK) Ltd)
amp,5631011000001106,0205051R0AAANAN,Ramipril 10mg tablets (Mylan)
amp,5716011000001103,0205051R0AAANAN,Ramipril 10mg tablets (IVAX Pharmaceuticals UK Ltd)
amp,5885911000001106,0205051R0AAANAN,Ramipril 10mg tablets (A A H Pharmaceuticals Ltd)
amp,5937511000001108,0205051R0AAANAN,Ramipril 10mg tablets (Alliance Healthcare (Distribution) Ltd)
amp,7339411000001109,0205051R0AAANAN,Ramipril 10mg tablets (Zentiva)
amp,7562811000001105,0205051R0AAANAN,Ramipril 10mg tablets (Kent Pharmaceuticals Ltd)
amp,10441211000001106,0205051R0AAANAN,Ramipril 10mg tablets (Niche Generics Ltd)
amp,10721411000001100,0205051R0AAANAN,Ramipril 10mg tablets (Actavis UK Ltd)
amp,11413611000001108,0205051R0AAANAN,Ramipril 10mg tablets (PLIVA Pharma Ltd)
amp,11534011000001100,0205051R0AAANAN,Ramipril 10mg tablets (Sandoz Ltd)
amp,13762311000001106,0205051R0AAANAN,Ramipril 10mg tablets (Tillomed Laboratories Ltd)
amp,15182711000001108,0205051R0AAANAN,Ramipril 10mg tablets (Sigma Pharmaceuticals Plc)
amp,17922811000001109,0205051R0AAANAN,Ramipril 10mg tablets (Phoenix Healthcare Distribution Ltd)
amp,19835111000001107,0205051R0AAANAN,Ramipril 10mg tablets (APC Pharmaceuticals & Chemicals (Europe) Ltd)
amp,20005711000001100,0205051R0AAANAN,Ramipril 10mg tablets (Pfizer Ltd)
amp,21879411000001109,0205051R0AAANAN,Ramipril 10mg tablets (Waymade Healthcare Plc)
amp,30088211000001100,0205051R0AAANAN,Ramipril 10mg tablets (DE Pharmaceuticals)
amp,30867911000001105,0205051R0AAANAN,Ramipril 10mg tablets (Mawdsley-Brooks & Company Ltd)
amp,35180111000001106,0205051R0AAANAN,Ramipril 10mg tablets (Aurobindo Pharma Ltd)
amp,36835211000001105,0205051R0AAANAN,Ramipril 10mg tablets (Torrent Pharma (UK) Ltd)
amp,19871011000001106,0205051R0AAATAT,Ramipril 2.5mg/5ml oral solution sugar free (Rosemont Pharmaceuticals Ltd)
amp,20007111000001105,0205051R0AAATAT,Ramipril 2.5mg/5ml oral solution sugar free (A A H Pharmaceuticals Ltd)
amp,20010511000001103,0205051R0AAATAT,Ramipril 2.5mg/5ml oral solution sugar free (Alliance Healthcare (Distribution) Ltd)
amp,21878511000001102,0205051R0AAATAT,Ramipril 2.5mg/5ml oral solution sugar free (Waymade Healthcare Plc)
amp,30087211000001104,0205051R0AAATAT,Ramipril 2.5mg/5ml oral solution sugar free (DE Pharmaceuticals)
amp,111611000001109,0205051R0BBAAAA,Tritace 1.25mg capsules (Aventis Pharma)
amp,835411000001105,0205051R0BBABAB,Tritace 2.5mg capsules (Sanofi)
amp,802311000001101,0205051R0BBACAC,Tritace 5mg capsules (Sanofi)
amp,43711000001100,0205051R0BBADAD,Tritace 10mg capsules (Sanofi)
amp,3042211000001107,0205051R0BBAEAI,Tritace titration pack capsules (Sanofi)
amp,5010511000001106,0205051R0BBAFAK,Tritace 1.25mg tablets (Sanofi)
amp,5010811000001109,0205051R0BBAGAL,Tritace 2.5mg tablets (Sanofi)
amp,5011111000001108,0205051R0BBAHAM,Tritace 5mg tablets (Sanofi)
amp,5011411000001103,0205051R0BBAIAN,Tritace 10mg tablets (Sanofi)
amp,13600911000001104,0205051R0BBAJAU,Tritace titration pack tablets (Sanofi)
amp,7948711000001102,0205051R0BCAAAB,Lopace 2.5mg capsules (Discovery Pharmaceuticals)
amp,7948911000001100,0205051R0BCABAC,Lopace 5mg capsules (Discovery Pharmaceuticals)
amp,7949111000001105,0205051R0BCACAD,Lopace 10mg capsules (Discovery Pharmaceuticals)
amp,13432211000001104,0205051U0AAAAAA,Trandolapril 500microgram capsules (Alliance Healthcare (Distribution) Ltd)
amp,13433411000001109,0205051U0AAAAAA,Trandolapril 500microgram capsules (Teva UK Ltd)
amp,13469911000001109,0205051U0AAAAAA,Trandolapril 500microgram capsules (A A H Pharmaceuticals Ltd)
amp,13693711000001108,0205051U0AAAAAA,Trandolapril 500microgram capsules (Mylan)
amp,14406911000001102,0205051U0AAAAAA,Trandolapril 500microgram capsules (Accord Healthcare Ltd)
amp,15197111000001105,0205051U0AAAAAA,Trandolapril 500microgram capsules (Sigma Pharmaceuticals Plc)
amp,17862011000001102,0205051U0AAAAAA,Trandolapril 500microgram capsules (Phoenix Healthcare Distribution Ltd)
amp,21892311000001102,0205051U0AAAAAA,Trandolapril 500microgram capsules (Waymade Healthcare Plc)
amp,30834411000001100,0205051U0AAAAAA,Trandolapril 500microgram capsules (DE Pharmaceuticals)
amp,13432411000001100,0205051U0AAABAB,Trandolapril 1mg capsules (Alliance Healthcare (Distribution) Ltd)
amp,13433611000001107,0205051U0AAABAB,Trandolapril 1mg capsules (Teva UK Ltd)
amp,13470111000001109,0205051U0AAABAB,Trandolapril 1mg capsules (A A H Pharmaceuticals Ltd)
amp,13694311000001106,0205051U0AAABAB,Trandolapril 1mg capsules (Mylan)
amp,14407611000001105,0205051U0AAABAB,Trandolapril 1mg capsules (Accord Healthcare Ltd)
amp,15163811000001106,0205051U0AAABAB,Trandolapril 1mg capsules (Arrow Generics Ltd)
amp,15197511000001101,0205051U0AAABAB,Trandolapril 1mg capsules (Sigma Pharmaceuticals Plc)
amp,17862311000001104,0205051U0AAABAB,Trandolapril 1mg capsules (Phoenix Healthcare Distribution Ltd)
amp,21892511000001108,0205051U0AAABAB,Trandolapril 1mg capsules (Waymade Healthcare Plc)
amp,27984311000001103,0205051U0AAABAB,Trandolapril 1mg capsules (Lupin Healthcare (UK) Ltd)
amp,30104511000001100,0205051U0AAABAB,Trandolapril 1mg capsules (DE Pharmaceuticals)
amp,30940611000001104,0205051U0AAABAB,Trandolapril 1mg capsules (Mawdsley-Brooks & Company Ltd)
amp,13432611000001102,0205051U0AAACAC,Trandolapril 2mg capsules (Alliance Healthcare (Distribution) Ltd)
amp,13433811000001106,0205051U0AAACAC,Trandolapril 2mg capsules (Teva UK Ltd)
amp,13470311000001106,0205051U0AAACAC,Trandolapril 2mg capsules (A A H Pharmaceuticals Ltd)
amp,13694511000001100,0205051U0AAACAC,Trandolapril 2mg capsules (Mylan)
amp,13707311000001109,0205051U0AAACAC,Trandolapril 2mg capsules (Kent Pharmaceuticals Ltd)
amp,14408411000001106,0205051U0AAACAC,Trandolapril 2mg capsules (Accord Healthcare Ltd)
amp,15197811000001103,0205051U0AAACAC,Trandolapril 2mg capsules (Sigma Pharmaceuticals Plc)
amp,17662011000001107,0205051U0AAACAC,Trandolapril 2mg capsules (Arrow Generics Ltd)
amp,17862611000001109,0205051U0AAACAC,Trandolapril 2mg capsules (Phoenix Healthcare Distribution Ltd)
amp,21892711000001103,0205051U0AAACAC,Trandolapril 2mg capsules (Waymade Healthcare Plc)
amp,27984611000001108,0205051U0AAACAC,Trandolapril 2mg capsules (Lupin Healthcare (UK) Ltd)
amp,30104711000001105,0205051U0AAACAC,Trandolapril 2mg capsules (DE Pharmaceuticals)
amp,30940811000001100,0205051U0AAACAC,Trandolapril 2mg capsules (Mawdsley-Brooks & Company Ltd)
amp,13432811000001103,0205051U0AAAFAF,Trandolapril 4mg capsules (Alliance Healthcare (Distribution) Ltd)
amp,13470511000001100,0205051U0AAAFAF,Trandolapril 4mg capsules (A A H Pharmaceuticals Ltd)
amp,13494811000001100,0205051U0AAAFAF,Trandolapril 4mg capsules (Teva UK Ltd)
amp,13694911000001107,0205051U0AAAFAF,Trandolapril 4mg capsules (Mylan)
amp,13707511000001103,0205051U0AAAFAF,Trandolapril 4mg capsules (Kent Pharmaceuticals Ltd)
amp,14409011000001107,0205051U0AAAFAF,Trandolapril 4mg capsules (Accord Healthcare Ltd)
amp,15162111000001105,0205051U0AAAFAF,Trandolapril 4mg capsules (Arrow Generics Ltd)
amp,15198011000001105,0205051U0AAAFAF,Trandolapril 4mg capsules (Sigma Pharmaceuticals Plc)
amp,17862911000001103,0205051U0AAAFAF,Trandolapril 4mg capsules (Phoenix Healthcare Distribution Ltd)
amp,21892911000001101,0205051U0AAAFAF,Trandolapril 4mg capsules (Waymade Healthcare Plc)
amp,30104911000001107,0205051U0AAAFAF,Trandolapril 4mg capsules (DE Pharmaceuticals)
amp,30941011000001102,0205051U0AAAFAF,Trandolapril 4mg capsules (Mawdsley-Brooks & Company Ltd)
amp,14032811000001109,0205051U0AAAGAG,Trandolapril 2mg/5ml oral suspension (Special Order)
amp,253511000001102,0205051U0BBAAAA,Gopten 500microgram capsules (Abbott Laboratories Ltd)
amp,346811000001101,0205051U0BBABAB,Gopten 1mg capsules (Abbott Laboratories Ltd)
amp,273111000001109,0205051U0BBACAC,Gopten 2mg capsules (Abbott Laboratories Ltd)
amp,5651611000001103,0205051U0BBADAF,Gopten 4mg capsules (Abbott Laboratories Ltd)
amp,227511000001106,0205051U0BCAAAA,Odrik 500microgram capsules (Aventis Pharma)
amp,432911000001102,0205051U0BCABAB,Odrik 1mg capsules (Aventis Pharma)
amp,140511000001108,0205051U0BCACAC,Odrik 2mg capsules (Aventis Pharma)
amp,680811000001102,0205051W0BBAAAA,Tanatril 10mg tablets (Mitsubishi Tanabe Pharma Europe Ltd)
amp,797911000001103,0205051W0BBABAB,Tanatril 5mg tablets (Mitsubishi Tanabe Pharma Europe Ltd)
amp,533511000001106,0205051W0BBACAC,Tanatril 20mg tablets (Mitsubishi Tanabe Pharma Europe Ltd)
amp,13445211000001108,0205051Y0BBAAAA,Coversyl Arginine 2.5mg tablets (Servier Laboratories Ltd)
amp,13444911000001103,0205051Y0BBABAB,Coversyl Arginine 5mg tablets (Servier Laboratories Ltd)
amp,13444611000001109,0205051Y0BBACAC,Coversyl Arginine 10mg tablets (Servier Laboratories Ltd)
vmp,21939911000001107,0205051AAAAAAAA,Perindopril tosilate 2.5mg tablets
vmp,21940111000001100,0205051AAAAABAB,Perindopril tosilate 5mg tablets
vmp,21939811000001102,0205051AAAAACAC,Perindopril tosilate 10mg tablets
vmp,318915008,0205051E0AAABAB,Cilazapril 500microgram tablets
vmp,318916009,0205051E0AAACAC,Cilazapril 1mg tablets
vmp,318917000,0205051E0AAADAD,Cilazapril 2.5mg tablets
vmp,318923005,0205051E0AAAEAE,Cilazapril 5mg tablets
vmp,8791911000001104,0205051F0AAA2A2,Captopril 4mg capsules
vmp,318820009,0205051F0AAADAD,Captopril 12.5mg tablets
vmp,318821008,0205051F0AAAEAE,Captopril 25mg tablets
vmp,318824000,0205051F0AAAFAF,Captopril 50mg tablets
vmp,8816111000001109,0205051F0AAAHAH,Captopril 3mg oral powder sachets
vmp,11490011000001105,0205051F0AAAIAI,Captopril 5mg tablets
vmp,8791811000001109,0205051F0AAAKAK,Captopril 2mg capsules
vmp,15533211000001106,0205051F0AABKBK,Captopril 1.5mg capsules
vmp,8351611000001101,0205051F0AABNBN,Captopril 5mg/5ml oral solution
vmp,8351811000001102,0205051F0AABNBN,Captopril 5mg/5ml oral suspension
vmp,8348211000001109,0205051F0AABPBP,Captopril 20mg/5ml oral solution
vmp,8348311000001101,0205051F0AABPBP,Captopril 20mg/5ml oral suspension
vmp,8346711000001101,0205051F0AABRBR,Captopril 10mg/5ml oral solution
vmp,8346811000001109,0205051F0AABRBR,Captopril 10mg/5ml oral suspension
vmp,12313311000001106,0205051F0AABSBS,Captopril 5.4mg/5ml oral solution
vmp,8347111000001104,0205051F0AABTBT,Captopril 12.5mg/5ml oral solution
vmp,8347211000001105,0205051F0AABTBT,Captopril 12.5mg/5ml oral suspension
vmp,8346311000001100,0205051F0AABVBV,Captopril 1.25mg/5ml oral solution
vmp,8346411000001107,0205051F0AABVBV,Captopril 1.25mg/5ml oral suspension
vmp,8348511000001107,0205051F0AABWBW,Captopril 25mg/5ml oral solution
vmp,8348611000001106,0205051F0AABWBW,Captopril 25mg/5ml oral suspension
vmp,8351911000001107,0205051F0AABXBX,Captopril 6.25mg/5ml oral solution
vmp,8352011000001100,0205051F0AABXBX,Captopril 6.25mg/5ml oral suspension
vmp,8348011000001104,0205051F0AABYBY,Captopril 2.5mg/5ml oral solution
vmp,8348111000001103,0205051F0AABYBY,Captopril 2.5mg/5ml oral suspension
vmp,8348711000001102,0205051F0AABZBZ,Captopril 2mg/5ml oral solution
vmp,8348811000001105,0205051F0AABZBZ,Captopril 2mg/5ml oral suspension
vmp,8351211000001103,0205051F0AACACA,Captopril 50mg/5ml oral solution
vmp,8351511000001100,0205051F0AACACA,Captopril 50mg/5ml oral suspension
vmp,12312511000001107,0205051F0AACCCC,Captopril 100micrograms/5ml oral solution
vmp,8350511000001107,0205051F0AACDCD,Captopril 3mg/5ml oral solution
vmp,8350611000001106,0205051F0AACDCD,Captopril 3mg/5ml oral suspension
vmp,8353811000001103,0205051F0AACECE,Captopril 7.5mg/5ml oral solution
vmp,8353911000001108,0205051F0AACECE,Captopril 7.5mg/5ml oral suspension
vmp,8351011000001108,0205051F0AACFCF,Captopril 500micrograms/5ml oral solution
vmp,8351111000001109,0205051F0AACFCF,Captopril 500micrograms/5ml oral suspension
vmp,8347311000001102,0205051F0AACGCG,Captopril 15mg/5ml oral solution
vmp,8347411000001109,0205051F0AACGCG,Captopril 15mg/5ml oral suspension
vmp,8350811000001105,0205051F0AACHCH,Captopril 4mg/5ml oral solution
vmp,8350911000001100,0205051F0AACHCH,Captopril 4mg/5ml oral suspension
vmp,8349711000001106,0205051F0AACICI,Captopril 3.125mg/5ml oral solution
vmp,8349911000001108,0205051F0AACICI,Captopril 3.125mg/5ml oral suspension
vmp,8347811000001106,0205051F0AACJCJ,Captopril 1mg/5ml oral solution
vmp,8347911000001101,0205051F0AACJCJ,Captopril 1mg/5ml oral suspension
vmp,12387211000001109,0205051F0AACKCK,Captopril 7mg/5ml oral solution
vmp,8354411000001102,0205051F0AACLCL,Captopril 9mg/5ml oral solution
vmp,8354511000001103,0205051F0AACLCL,Captopril 9mg/5ml oral suspension
vmp,8346511000001106,0205051F0AACNCN,Captopril 1.5mg/5ml oral solution
vmp,8346611000001105,0205051F0AACNCN,Captopril 1.5mg/5ml oral suspension
vmp,8353511000001101,0205051F0AACRCR,Captopril 6mg/5ml oral solution
vmp,8353611000001102,0205051F0AACRCR,Captopril 6mg/5ml oral suspension
vmp,7659911000001107,0205051F0AACTCT,Captopril 5mg/ml oral solution sugar free
vmp,12313111000001109,0205051F0AACUCU,Captopril 3.5mg/5ml oral solution
vmp,12312711000001102,0205051F0AACXCX,Captopril 15.625mg/5ml oral solution
vmp,12313211000001103,0205051F0AACYCY,Captopril 30mg/5ml oral solution
vmp,12312911000001100,0205051F0AACZCZ,Captopril 18.5mg/5ml oral solution
vmp,8350011000001104,0205051F0AADADA,Captopril 3.25mg/5ml oral solution
vmp,8350111000001103,0205051F0AADADA,Captopril 3.25mg/5ml oral suspension
vmp,12312411000001108,0205051F0AADCDC,Captopril 100mg/5ml oral solution
vmp,12291411000001107,0205051F0AADDDD,Captopril 1.6mg/5ml oral solution
vmp,12387311000001101,0205051F0AADEDE,Captopril 8mg/5ml oral solution
vmp,19820711000001101,0205051F0AADEDE,Captopril 8mg/5ml oral suspension
vmp,12312611000001106,0205051F0AADFDF,Captopril 12mg/5ml oral solution
vmp,12291511000001106,0205051F0AADGDG,Captopril 1.75mg/5ml oral solution
vmp,12312811000001105,0205051F0AADJDJ,Captopril 17.5mg/5ml oral solution
vmp,8350211000001109,0205051F0AADLDL,Captopril 31.25mg/5ml oral solution
vmp,8350311000001101,0205051F0AADLDL,Captopril 31.25mg/5ml oral suspension
vmp,12313011000001108,0205051F0AADMDM,Captopril 22.5mg/5ml oral solution
vmp,12387111000001103,0205051F0AADNDN,Captopril 62.5mg/5ml oral solution
vmp,8347511000001108,0205051F0AADPDP,Captopril 17mg/5ml oral solution
vmp,8347611000001107,0205051F0AADPDP,Captopril 17mg/5ml oral suspension
vmp,8346911000001104,0205051F0AADQDQ,Captopril 11.25mg/5ml oral solution
vmp,8347011000001100,0205051F0AADQDQ,Captopril 11.25mg/5ml oral suspension
vmp,8353311000001107,0205051F0AADSDS,Captopril 6.5mg/5ml oral solution
vmp,8353411000001100,0205051F0AADSDS,Captopril 6.5mg/5ml oral suspension
vmp,14796411000001104,0205051F0AADUDU,Captopril 50mg capsules
vmp,23707311000001108,0205051F0AADZDZ,Captopril 25mg/5ml oral solution sugar free
vmp,23707511000001102,0205051F0AAEAEA,Captopril 5mg/5ml oral solution sugar free
vmp,318850001,0205051I0AAAAAA,Enalapril 2.5mg tablets
vmp,318851002,0205051I0AAABAB,Enalapril 5mg tablets
vmp,318853004,0205051I0AAACAC,Enalapril 10mg tablets
vmp,318855006,0205051I0AAADAD,Enalapril 20mg tablets
vmp,8486211000001107,0205051I0AAAJAJ,Enalapril 2.5mg/5ml oral solution
vmp,8489611000001101,0205051I0AAAJAJ,Enalapril 2.5mg/5ml oral suspension
vmp,8486511000001105,0205051I0AAAPAP,Enalapril 20mg/5ml oral solution
vmp,8486611000001109,0205051I0AAAPAP,Enalapril 20mg/5ml oral suspension
vmp,12293411000001106,0205051I0AAARAR,Enalapril 600micrograms/5ml oral solution
vmp,12293511000001105,0205051I0AAARAR,Enalapril 600micrograms/5ml oral suspension
vmp,12085711000001109,0205051I0AAASAS,Enalapril 1mg/5ml oral solution
vmp,12085811000001101,0205051I0AAASAS,Enalapril 1mg/5ml oral suspension
vmp,12086311000001100,0205051I0AAATAT,Enalapril 3.5mg/5ml oral solution
vmp,12086411000001107,0205051I0AAATAT,Enalapril 3.5mg/5ml oral suspension
vmp,8485711000001108,0205051I0AAAUAU,Enalapril 10mg/5ml oral solution
vmp,12293211000001107,0205051I0AAAVAV,Enalapril 500micrograms/5ml oral solution
vmp,12293311000001104,0205051I0AAAVAV,Enalapril 500micrograms/5ml oral suspension
vmp,12086111000001102,0205051I0AAAWAW,Enalapril 2mg/5ml oral solution
vmp,12086211000001108,0205051I0AAAWAW,Enalapril 2mg/5ml oral suspension
vmp,12292611000001104,0205051I0AAAXAX,Enalapril 3.75mg/5ml oral solution
vmp,12292711000001108,0205051I0AAAXAX,Enalapril 3.75mg/5ml oral suspension
vmp,12292811000001100,0205051I0AAAYAY,Enalapril 3mg/5ml oral solution
vmp,12292911000001105,0205051I0AAAYAY,Enalapril 3mg/5ml oral suspension
vmp,8486711000001100,0205051I0AAAZAZ,Enalapril 4mg/5ml oral solution
vmp,8486811000001108,0205051I0AAAZAZ,Enalapril 4mg/5ml oral suspension
vmp,12085911000001106,0205051I0AABBBB,Enalapril 25mg/5ml oral solution
vmp,12086011000001103,0205051I0AABBBB,Enalapril 25mg/5ml oral suspension
vmp,12293811000001108,0205051I0AABCBC,Enalapril 7mg/5ml oral solution
vmp,12293911000001103,0205051I0AABCBC,Enalapril 7mg/5ml oral suspension
vmp,8485511000001103,0205051I0AABFBF,Enalapril 1.25mg/5ml oral solution
vmp,12085511000001104,0205051I0AABLBL,Enalapril 12.5mg/5ml oral solution
vmp,12085611000001100,0205051I0AABLBL,Enalapril 12.5mg/5ml oral suspension
vmp,8486011000001102,0205051I0AABNBN,Enalapril 15mg/5ml oral solution
vmp,8486111000001101,0205051I0AABNBN,Enalapril 15mg/5ml oral suspension
vmp,12294011000001100,0205051I0AABQBQ,Enalapril 8mg/5ml oral solution
vmp,12294111000001104,0205051I0AABQBQ,Enalapril 8mg/5ml oral suspension
vmp,12085311000001105,0205051I0AABSBS,Enalapril 1.5mg/5ml oral solution
vmp,12085411000001103,0205051I0AABSBS,Enalapril 1.5mg/5ml oral suspension
vmp,12085111000001108,0205051I0AABTBT,Enalapril 1.2mg/5ml oral solution
vmp,12085211000001102,0205051I0AABTBT,Enalapril 1.2mg/5ml oral suspension
vmp,12293011000001102,0205051I0AABVBV,Enalapril 40mg/5ml oral solution
vmp,12293111000001101,0205051I0AABVBV,Enalapril 40mg/5ml oral suspension
vmp,12293611000001109,0205051I0AABWBW,Enalapril 7.5mg/5ml oral solution
vmp,12293711000001100,0205051I0AABWBW,Enalapril 7.5mg/5ml oral suspension
vmp,8486911000001103,0205051I0AABYBY,Enalapril 5mg/5ml oral solution
vmp,8487011000001104,0205051I0AABZBZ,Enalapril 5mg/5ml oral suspension
vmp,8485811000001100,0205051I0AACACA,Enalapril 10mg/5ml oral suspension
vmp,8485611000001104,0205051I0AACBCB,Enalapril 1.25mg/5ml oral suspension
vmp,318909008,0205051J0AAAAAA,Fosinopril 10mg tablets
vmp,318910003,0205051J0AAABAB,Fosinopril 20mg tablets
vmp,12034611000001106,0205051J0AAACAC,Fosinopril 20mg/5ml oral solution
vmp,12034711000001102,0205051J0AAACAC,Fosinopril 20mg/5ml oral suspension
vmp,318857003,0205051L0AAAAAA,Lisinopril 2.5mg tablets
vmp,318858008,0205051L0AAABAB,Lisinopril 5mg tablets
vmp,318859000,0205051L0AAACAC,Lisinopril 10mg tablets
vmp,318860005,0205051L0AAADAD,Lisinopril 20mg tablets
vmp,8622511000001100,0205051L0AAAGAG,Lisinopril 5mg/5ml oral solution
vmp,8622611000001101,0205051L0AAAGAG,Lisinopril 5mg/5ml oral suspension
vmp,8621911000001101,0205051L0AAAHAH,Lisinopril 10mg/5ml oral solution
vmp,8622011000001108,0205051L0AAAHAH,Lisinopril 10mg/5ml oral suspension
vmp,8622111000001109,0205051L0AAAIAI,Lisinopril 2.5mg/5ml oral solution
vmp,8622211000001103,0205051L0AAAIAI,Lisinopril 2.5mg/5ml oral suspension
vmp,12761111000001106,0205051L0AAAJAJ,Lisinopril 30mg/5ml oral solution
vmp,12761211000001100,0205051L0AAAJAJ,Lisinopril 30mg/5ml oral suspension
vmp,12760911000001102,0205051L0AAAKAK,Lisinopril 15mg/5ml oral solution
vmp,12761011000001105,0205051L0AAAKAK,Lisinopril 15mg/5ml oral suspension
vmp,12761311000001108,0205051L0AAAMAM,Lisinopril 500micrograms/5ml oral solution
vmp,12761411000001101,0205051L0AAAMAM,Lisinopril 500micrograms/5ml oral suspension
vmp,8622811000001102,0205051L0AAANAN,Lisinopril 7.5mg/5ml oral solution
vmp,8622911000001107,0205051L0AAANAN,Lisinopril 7.5mg/5ml oral suspension
vmp,30251811000001106,0205051L0AAAQAQ,Lisinopril 5mg/5ml oral solution sugar free
vmp,20556011000001103,0205051L0AAARAR,Lisinopril 40mg/5ml oral suspension
vmp,14014711000001100,0205051L0AAASAS,Lisinopril 37.5mg/5ml oral solution
vmp,14014811000001108,0205051L0AAASAS,Lisinopril 37.5mg/5ml oral suspension
vmp,15880311000001102,0205051L0AAATAT,Lisinopril 14mg/5ml oral solution
vmp,15880411000001109,0205051L0AAATAT,Lisinopril 14mg/5ml oral suspension
vmp,8622311000001106,0205051L0AAAYAY,Lisinopril 20mg/5ml oral solution
vmp,8622411000001104,0205051L0AAAZAZ,Lisinopril 20mg/5ml oral suspension
vmp,318896009,0205051M0AAAAAA,Perindopril erbumine 2mg tablets
vmp,318897000,0205051M0AAABAB,Perindopril erbumine 4mg tablets
vmp,13011211000001107,0205051M0AAACAC,Perindopril erbumine 1mg/5ml oral solution
vmp,13011311000001104,0205051M0AAACAC,Perindopril erbumine 1mg/5ml oral suspension
vmp,8671211000001106,0205051M0AAADAD,Perindopril erbumine 2mg/5ml oral suspension
vmp,374667004,0205051M0AAAFAF,Perindopril erbumine 8mg tablets
vmp,14057311000001102,0205051M0AAAHAH,Perindopril erbumine 8mg/5ml oral solution
vmp,14057411000001109,0205051M0AAAHAH,Perindopril erbumine 8mg/5ml oral suspension
vmp,16075011000001104,0205051M0AAAJAJ,Perindopril erbumine 2mg oral powder sachets
vmp,23471511000001106,0205051M0AAAKAK,Perindopril erbumine 4mg/5ml oral solution
vmp,8671311000001103,0205051M0AAALAL,Perindopril erbumine 4mg/5ml oral suspension
vmp,32880611000001107,0205051M0AAAMAM,Perindopril erbumine 3mg/5ml oral solution
vmp,318885001,0205051Q0AAAAAA,Quinapril 5mg tablets
vmp,318886000,0205051Q0AAABAB,Quinapril 10mg tablets
vmp,318887009,0205051Q0AAACAC,Quinapril 20mg tablets
vmp,318894007,0205051Q0AAADAD,Quinapril 40mg tablets
vmp,318900007,0205051R0AAAAAA,Ramipril 1.25mg capsules
vmp,318901006,0205051R0AAABAB,Ramipril 2.5mg capsules
vmp,318902004,0205051R0AAACAC,Ramipril 5mg capsules
vmp,318906001,0205051R0AAADAD,Ramipril 10mg capsules
vmp,8720811000001105,0205051R0AAAEAE,Ramipril 5mg/5ml oral solution
vmp,8720911000001100,0205051R0AAAEAE,Ramipril 5mg/5ml oral suspension
vmp,8720611000001106,0205051R0AAAFAF,Ramipril 2.5mg/5ml oral solution
vmp,8720711000001102,0205051R0AAAFAF,Ramipril 2.5mg/5ml oral suspension
vmp,8720211000001109,0205051R0AAAGAG,Ramipril 1.25mg/5ml oral solution
vmp,8720311000001101,0205051R0AAAGAG,Ramipril 1.25mg/5ml oral suspension
vmp,8720411000001108,0205051R0AAAHAH,Ramipril 10mg/5ml oral solution
vmp,8720511000001107,0205051R0AAAHAH,Ramipril 10mg/5ml oral suspension
vmp,3464011000001105,0205051R0AAAIAI,Generic Tritace titration pack capsules
vmp,13013311000001103,0205051R0AAAJAJ,Ramipril 750micrograms/5ml oral solution
vmp,13013411000001105,0205051R0AAAJAJ,Ramipril 750micrograms/5ml oral suspension
vmp,408040007,0205051R0AAAKAK,Ramipril 1.25mg tablets
vmp,408050008,0205051R0AAALAL,Ramipril 2.5mg tablets
vmp,408051007,0205051R0AAAMAM,Ramipril 5mg tablets
vmp,408052000,0205051R0AAANAN,Ramipril 10mg tablets
vmp,19877111000001100,0205051R0AAATAT,Ramipril 2.5mg/5ml oral solution sugar free
vmp,13610111000001104,0205051R0AAAUAU,Generic Tritace titration pack tablets
vmp,318924004,0205051U0AAAAAA,Trandolapril 500microgram capsules
vmp,318925003,0205051U0AAABAB,Trandolapril 1mg capsules
vmp,318926002,0205051U0AAACAC,Trandolapril 2mg capsules
vmp,410958005,0205051U0AAAFAF,Trandolapril 4mg capsules
vmp,14058511000001107,0205051U0AAAGAG,Trandolapril 2mg/5ml oral suspension
vmp,318944005,0205051W0AAAAAA,Imidapril 10mg tablets
vmp,318943004,0205051W0AAABAB,Imidapril 5mg tablets
vmp,318942009,0205051W0AAACAC,Imidapril 20mg tablets
vmp,13454211000001109,0205051Y0AAAAAA,Perindopril arginine 2.5mg tablets
vmp,13454411000001108,0205051Y0AAABAB,Perindopril arginine 5mg tablets
vmp,13454111000001103,0205051Y0AAACAC,Perindopril arginine 10mg tablets